A1,A2,A3,A4_1,A4_2,A4_3,A5_1,A5_2,A5_3,A5_4,A5_5,A5_6,A5_7,A5_8,A5_9,A5_10,A5_11,A5_12,A5_13,A5_14,A6_1,A6_2,A6_3,A6_4,A6_5,A6_7,A6_8,A6_9,A7,A8,A9,A10,A11,A12_1,A12_2,A12_3,A13,A14,A15
1,65,168,0,1,0,0,0,0,1,0,0,0,0,0,0,0,0,0,0,0,0,0,1,0,0,0,0,39,0,0,1,1,0,1,0,32,161,0
0,72,123,0,1,0,0,0,0,0,0,0,0,1,0,0,0,0,0,0,0,0,0,1,0,0,0,0,5,0,0,1,0,0,1,0,53,1,0
0,142,52,1,0,0,0,0,0,1,0,0,0,0,0,0,0,0,0,0,0,0,0,1,0,0,0,0,31,0,0,1,1,0,1,0,98,1,0
0,60,169,1,0,0,0,0,0,0,1,0,0,0,0,0,0,0,0,0,0,0,1,0,0,0,0,0,1,1,1,12,1,0,1,0,1,1,1
1,44,134,0,1,0,0,0,0,0,0,1,0,0,0,0,0,0,0,0,0,0,0,1,0,0,0,0,46,1,1,15,0,0,1,0,18,68,1
0,4,20,0,1,0,0,0,0,0,0,0,0,1,0,0,0,0,0,0,0,0,0,0,0,0,1,0,37,1,1,3,0,0,1,0,32,1,1
1,16,119,0,1,0,0,0,1,0,0,0,0,0,0,0,0,0,0,0,0,0,0,1,0,0,0,0,4,0,0,1,0,0,1,0,18,50,0
0,330,94,0,1,0,0,0,0,0,0,0,0,0,0,0,1,0,0,0,0,0,0,0,0,0,1,0,66,1,1,7,0,0,1,0,12,120,1
1,126,33,1,0,0,0,1,0,0,0,0,0,0,0,0,0,0,0,0,0,0,0,0,0,0,1,0,65,0,0,1,0,0,1,0,61,117,0
0,315,125,0,1,0,0,0,0,1,0,0,0,0,0,0,0,0,0,0,0,0,0,0,0,0,1,0,100,1,1,4,1,0,1,0,32,36,0
1,183,52,0,1,0,0,0,0,0,0,0,0,0,0,0,0,0,0,1,0,0,0,0,0,0,1,0,81,1,1,5,1,0,1,0,89,144,1
1,248,102,0,1,0,0,0,0,0,0,0,0,0,0,0,1,0,0,0,0,0,0,0,0,0,1,0,85,1,1,7,1,0,1,0,148,1,1
1,49,40,1,0,0,0,0,0,0,0,0,0,1,0,0,0,0,0,0,0,0,0,0,0,0,1,0,34,1,1,4,1,0,1,0,45,79,0
1,198,102,0,1,0,0,0,0,0,0,0,0,0,0,0,0,0,0,1,0,0,0,0,0,0,1,0,104,1,1,7,1,0,1,0,1,150,1
1,329,69,0,1,0,0,0,0,0,0,0,0,1,0,0,0,0,0,0,0,0,0,1,0,0,0,0,56,0,0,1,1,0,1,0,107,1,0
1,284,116,0,1,0,0,0,0,1,0,0,0,0,0,0,0,0,0,0,0,0,0,1,0,0,0,0,2,0,0,1,0,0,1,0,1,196,1
1,142,95,0,1,0,0,0,0,0,0,0,0,0,1,0,0,0,0,0,0,0,0,1,0,0,0,0,104,1,1,3,1,0,1,0,109,1,1
0,33,139,0,1,0,0,0,0,0,0,1,0,0,0,0,0,0,0,0,0,0,0,1,0,0,0,0,20,1,1,3,0,0,1,0,26,124,1
1,42,40,1,0,0,0,0,0,1,0,0,0,0,0,0,0,0,0,0,0,0,0,1,0,0,0,0,4,0,0,1,0,0,1,0,45,5,0
0,69,111,0,1,0,0,0,0,0,0,0,0,0,0,0,1,0,0,0,0,0,0,1,0,0,0,0,60,1,1,8,0,0,1,0,41,202,1
0,129,20,0,1,0,0,0,0,0,0,1,0,0,0,0,0,0,0,0,0,0,0,1,0,0,0,0,2,0,0,1,0,0,1,0,92,151,0
0,35,20,1,0,0,0,0,0,0,0,1,0,0,0,0,0,0,0,0,0,0,0,1,0,0,0,0,16,1,0,1,1,0,1,0,53,1,0
1,246,42,0,1,0,0,1,0,0,0,0,0,0,0,0,0,0,0,0,0,0,0,1,0,0,0,0,5,0,0,1,0,0,1,0,57,1,0
1,250,52,0,1,0,0,0,0,1,0,0,0,0,0,0,0,0,0,0,0,0,0,1,0,0,0,0,6,1,0,1,0,0,1,0,53,1,0
1,38,146,0,1,0,0,0,0,0,0,1,0,0,0,0,0,0,0,0,0,0,0,1,0,0,0,0,21,0,0,1,0,0,1,0,24,101,0
1,176,46,0,1,0,0,0,0,0,0,0,0,0,0,0,0,0,1,0,0,0,0,0,0,0,1,0,93,1,1,4,1,0,1,0,1,1,1
1,70,5,1,0,0,0,0,0,1,0,0,0,0,0,0,0,0,0,0,0,0,0,1,0,0,0,0,4,0,0,1,0,0,1,0,69,44,0
1,181,74,1,0,0,0,0,0,0,0,0,0,1,0,0,0,0,0,0,0,0,0,0,0,0,1,0,48,1,1,2,1,0,1,0,63,235,1
0,155,175,0,1,0,0,0,0,0,0,0,0,1,0,0,0,0,0,0,0,0,0,1,0,0,0,0,47,1,1,2,0,0,1,0,77,20,1
1,77,66,0,1,0,0,0,0,0,0,0,0,1,0,0,0,0,0,0,0,0,0,1,0,0,0,0,28,1,1,12,1,0,1,0,18,186,1
1,118,26,0,1,0,0,0,0,0,0,0,0,1,0,0,0,0,0,0,0,0,0,0,0,0,1,0,78,1,1,4,1,0,1,0,106,66,1
0,47,160,1,0,0,0,0,0,0,0,0,0,0,0,0,0,0,0,1,0,0,0,0,0,0,1,0,1,0,0,1,1,0,1,0,51,28,0
1,305,43,1,0,0,0,0,0,0,0,0,0,1,0,0,0,0,0,0,0,0,0,0,0,0,1,0,114,1,0,1,1,0,1,0,69,50,0
1,77,169,0,1,0,0,0,0,0,0,0,0,0,1,0,0,0,0,0,0,0,0,0,0,0,1,0,50,1,1,12,1,0,1,0,100,92,1
1,259,40,0,1,0,0,0,0,0,0,0,1,0,0,0,0,0,0,0,0,0,0,1,0,0,0,0,123,0,1,2,1,0,1,0,115,54,0
1,348,204,1,0,0,1,0,0,0,0,0,0,0,0,0,0,0,0,0,1,0,0,0,0,0,0,0,2,0,1,3,0,0,1,0,1,102,0
1,95,180,0,1,0,0,0,0,0,0,1,0,0,0,0,0,0,0,0,0,0,0,1,0,0,0,0,65,1,0,1,1,1,0,0,3,1,1
1,236,191,0,1,0,0,0,0,0,0,0,0,0,1,0,0,0,0,0,0,0,0,1,0,0,0,0,111,1,1,7,1,0,1,0,20,1,1
0,282,132,0,1,0,0,0,0,0,0,0,0,1,0,0,0,0,0,0,0,0,0,1,0,0,0,0,106,1,1,7,1,0,1,0,1,164,1
0,280,73,0,1,0,0,0,0,0,0,0,0,0,0,0,0,0,0,1,0,0,0,1,0,0,0,0,123,1,1,3,1,0,1,0,155,178,1
1,78,1,0,1,0,0,0,0,0,0,0,0,0,0,0,0,0,1,0,0,0,0,1,0,0,0,0,3,1,0,1,0,0,1,0,1,1,1
1,71,46,1,0,0,0,0,0,0,0,1,0,0,0,0,0,0,0,0,0,0,0,1,0,0,0,0,15,0,0,1,1,0,1,0,38,42,0
1,115,37,0,1,0,0,0,0,0,0,0,0,0,0,0,0,0,0,1,0,0,0,0,0,0,1,0,31,1,0,1,0,0,1,0,1,216,1
1,338,18,0,1,0,0,0,0,0,0,0,0,1,0,0,0,0,0,0,0,0,0,1,0,0,0,0,16,1,1,4,1,0,1,0,63,1,0
1,84,14,1,0,0,0,0,0,0,0,0,0,1,0,0,0,0,0,0,0,0,0,1,0,0,0,0,2,0,1,3,0,0,1,0,40,7,0
0,50,156,0,1,0,0,0,0,0,0,0,0,0,0,0,1,0,0,0,0,0,0,1,0,0,0,0,19,1,1,3,1,0,1,0,14,1,1
0,90,52,1,0,0,0,0,0,0,0,0,0,1,0,0,0,0,0,0,0,0,0,1,0,0,0,0,5,0,0,1,0,0,1,0,43,1,0
1,8,2,0,1,0,0,0,0,0,0,0,0,1,0,0,0,0,0,0,0,0,0,1,0,0,0,0,2,0,0,1,0,0,1,0,1,1,1
0,141,55,1,0,0,0,0,0,0,0,0,0,0,0,1,0,0,0,0,0,0,0,0,0,0,1,0,47,0,0,1,0,0,1,0,91,18,0
0,308,196,0,1,0,0,0,0,0,0,0,0,1,0,0,0,0,0,0,0,0,0,1,0,0,0,0,93,1,1,15,0,0,1,0,1,188,1
1,173,82,0,1,0,0,0,0,1,0,0,0,0,0,0,0,0,0,0,0,0,0,1,0,0,0,0,14,0,0,1,1,0,1,0,84,1,0
1,53,90,1,0,0,0,0,1,0,0,0,0,0,0,0,0,0,0,0,0,0,0,0,0,0,1,0,2,0,0,1,0,0,1,0,45,50,0
1,129,5,1,0,0,0,0,0,1,0,0,0,0,0,0,0,0,0,0,0,0,0,1,0,0,0,0,3,0,0,1,0,0,1,0,76,185,0
1,34,52,1,0,0,0,0,0,0,0,0,0,1,0,0,0,0,0,0,0,0,0,1,0,0,0,0,54,0,0,1,1,0,1,0,36,7,0
1,123,78,1,0,0,0,0,0,0,0,0,0,0,0,0,1,0,0,0,0,0,0,0,0,0,1,0,87,0,1,3,1,0,1,0,119,2,0
1,126,46,0,1,0,0,0,0,0,0,0,0,0,1,0,0,0,0,0,0,0,0,1,0,0,0,0,47,1,1,12,1,0,1,0,140,30,1
1,239,119,0,1,0,0,0,0,0,0,1,0,0,0,0,0,0,0,0,0,0,0,0,1,0,0,0,73,1,1,2,0,0,1,0,1,115,1
0,216,66,0,1,0,0,0,1,0,0,0,0,0,0,0,0,0,0,0,0,0,0,0,0,0,1,0,6,0,0,1,0,0,1,0,92,86,0
1,257,101,1,0,0,0,0,0,0,0,0,0,0,1,0,0,0,0,0,0,0,0,1,0,0,0,0,69,1,0,1,1,0,1,0,16,173,1
1,321,177,0,1,0,0,0,0,0,0,0,1,0,0,0,0,0,0,0,0,0,0,1,0,0,0,0,31,1,1,5,1,0,1,0,69,1,1
1,262,102,0,1,0,0,0,1,0,0,0,0,0,0,0,0,0,0,0,0,0,0,0,1,0,0,0,52,0,0,1,1,0,1,0,46,1,0
0,84,25,0,1,0,0,0,0,0,0,0,0,0,1,0,0,0,0,0,0,0,0,1,0,0,0,0,7,0,1,2,1,0,1,0,86,5,0
1,28,55,0,1,0,0,0,1,0,0,0,0,0,0,0,0,0,0,0,0,0,0,1,0,0,0,0,37,1,1,3,0,0,1,0,38,94,1
0,243,82,0,1,0,0,0,1,0,0,0,0,0,0,0,0,0,0,0,0,0,0,0,1,0,0,0,14,0,0,1,0,1,0,0,170,1,0
0,90,17,0,1,0,0,0,0,0,0,0,0,0,0,0,1,0,0,0,0,0,0,0,0,0,1,0,37,1,0,1,0,0,1,0,98,141,1
1,253,149,0,1,0,0,0,0,0,0,0,0,0,0,0,0,0,0,1,0,0,0,0,0,0,1,0,107,1,1,9,0,0,1,0,1,1,1
0,38,6,0,1,0,0,0,0,0,0,0,0,0,0,0,1,0,0,0,0,0,0,1,0,0,0,0,2,0,0,1,1,0,1,0,124,1,0
1,58,169,0,1,0,0,0,1,0,0,0,0,0,0,0,0,0,0,0,0,0,0,1,0,0,0,0,14,1,0,1,1,0,1,0,32,43,0
1,160,71,0,1,0,1,0,0,0,0,0,0,0,0,0,0,0,0,0,1,0,0,0,0,0,0,0,1,0,1,6,0,0,1,0,61,64,0
1,120,48,0,1,0,0,0,0,0,0,0,0,0,0,0,0,0,1,0,0,0,0,0,0,0,1,0,44,1,1,13,1,0,1,0,160,131,1
1,290,214,1,0,0,1,0,0,0,0,0,0,0,0,0,0,0,0,0,1,0,0,0,0,0,0,0,1,1,0,1,1,0,1,0,1,1,0
0,152,43,0,1,0,0,0,0,0,0,0,0,0,1,0,0,0,0,0,0,0,0,0,0,0,1,0,2,0,1,4,0,0,1,0,1,29,0
1,140,40,0,1,0,0,0,0,0,0,0,0,0,1,0,0,0,0,0,0,0,0,1,0,0,0,0,43,0,0,1,0,0,1,0,69,1,0
1,130,103,1,0,0,0,0,0,0,0,0,0,1,0,0,0,0,0,0,0,0,0,0,1,0,0,0,37,1,1,9,1,0,1,0,47,8,1
1,240,208,0,1,0,0,0,0,0,0,0,0,0,0,1,0,0,0,0,0,0,0,0,0,0,0,1,131,1,1,12,0,0,1,0,1,158,1
1,211,92,0,1,0,0,0,0,0,0,0,0,0,0,0,1,0,0,0,0,0,0,1,0,0,0,0,73,0,0,1,0,0,1,0,144,36,0
1,102,12,0,1,0,0,0,0,1,0,0,0,0,0,0,0,0,0,0,0,0,0,0,0,0,1,0,73,0,0,1,1,0,1,0,111,1,0
1,145,82,0,1,0,0,0,0,0,0,0,0,1,0,0,0,0,0,0,0,0,0,1,0,0,0,0,5,0,0,1,0,0,1,0,76,1,0
1,77,1,0,1,0,0,0,0,1,0,0,0,0,0,0,0,0,0,0,0,0,0,1,0,0,0,0,26,0,1,12,0,1,0,0,1,1,0
0,171,45,0,1,0,0,0,0,0,0,0,0,0,1,0,0,0,0,0,0,0,0,1,0,0,0,0,28,1,1,17,0,0,1,0,38,184,1
1,97,82,0,1,0,0,0,0,0,0,0,0,0,0,0,0,0,1,0,0,0,0,1,0,0,0,0,17,1,1,8,0,0,1,0,1,223,1
0,200,85,0,1,0,1,0,0,0,0,0,0,0,0,0,0,0,0,0,1,0,0,0,0,0,0,0,1,0,1,7,0,0,1,0,1,77,0
0,29,151,0,1,0,0,1,0,0,0,0,0,0,0,0,0,0,0,0,0,0,0,1,0,0,0,0,11,0,0,1,0,0,1,0,24,34,0
1,238,102,0,1,0,0,0,1,0,0,0,0,0,0,0,0,0,0,0,0,0,0,0,1,0,0,0,6,0,0,1,0,0,1,0,158,1,0
1,81,33,0,1,0,0,0,0,0,0,0,0,1,0,0,0,0,0,0,0,0,0,1,0,0,0,0,14,0,0,1,1,1,0,0,98,1,0
1,219,1,0,1,0,0,0,0,0,0,0,0,1,0,0,0,0,0,0,0,0,0,1,0,0,0,0,1,0,0,1,0,0,0,1,65,1,1
0,92,189,0,1,0,0,0,0,0,0,0,0,0,0,0,1,0,0,0,0,0,0,0,0,0,1,0,37,0,0,1,0,0,1,0,98,2,0
0,276,185,0,1,0,0,0,1,0,0,0,0,0,0,0,0,0,0,0,0,0,0,0,1,0,0,0,89,1,1,10,1,0,1,0,1,1,1
1,190,106,0,1,0,0,0,0,0,0,0,0,0,1,0,0,0,0,0,0,0,0,1,0,0,0,0,3,0,0,1,1,0,1,0,100,7,1
1,66,20,1,0,0,1,0,0,0,0,0,0,0,0,0,0,0,0,0,1,0,0,0,0,0,0,0,1,0,0,1,0,0,1,0,32,1,0
1,125,41,0,1,0,0,0,0,1,0,0,0,0,0,0,0,0,0,0,0,0,0,0,0,0,1,0,7,0,0,1,1,1,0,0,45,1,0
1,258,89,0,1,0,0,0,0,0,0,1,0,0,0,0,0,0,0,0,0,0,0,1,0,0,0,0,2,0,0,1,0,0,1,0,34,50,0
1,135,193,0,1,0,0,1,0,0,0,0,0,0,0,0,0,0,0,0,0,0,0,1,0,0,0,0,4,0,0,1,0,0,1,0,1,93,0
1,208,102,0,1,0,0,0,0,0,0,0,0,1,0,0,0,0,0,0,0,0,0,0,1,0,0,0,58,1,1,7,0,0,1,0,1,104,1
0,24,151,1,0,0,0,0,0,0,0,0,0,0,0,0,1,0,0,0,0,0,0,0,0,0,1,0,5,0,0,1,0,0,1,0,111,1,0
1,55,46,0,1,0,0,0,0,0,0,0,0,0,1,0,0,0,0,0,0,0,0,1,0,0,0,0,37,0,0,1,0,0,1,0,49,9,1
0,228,50,0,1,0,0,0,0,0,0,1,0,0,0,0,0,0,0,0,0,0,0,1,0,0,0,0,7,0,0,1,0,0,1,0,1,106,0
1,167,2,1,0,0,0,0,0,0,0,0,1,0,0,0,0,0,0,0,0,0,0,1,0,0,0,0,2,0,0,1,0,0,1,0,1,1,0
0,15,144,0,1,0,0,0,0,0,0,1,0,0,0,0,0,0,0,0,0,0,0,1,0,0,0,0,43,0,1,11,1,0,1,0,1,11,0
0,47,29,0,1,0,0,0,0,0,0,0,0,0,0,0,1,0,0,0,0,0,0,1,0,0,0,0,39,1,1,2,0,0,1,0,1,1,1
0,230,87,0,1,0,0,0,0,0,0,0,0,1,0,0,0,0,0,0,0,0,0,1,0,0,0,0,65,0,0,1,0,0,1,0,149,1,0
1,226,9,0,1,0,0,0,0,1,0,0,0,0,0,0,0,0,0,0,0,0,0,1,0,0,0,0,3,1,0,1,1,0,1,0,98,1,1
1,124,190,0,1,0,0,0,0,0,0,0,0,0,1,0,0,0,0,0,0,0,0,1,0,0,0,0,95,1,0,1,1,0,1,0,150,115,1
1,125,20,1,0,0,0,0,0,0,0,0,0,0,0,0,0,0,1,0,0,0,0,1,0,0,0,0,7,1,1,3,0,0,1,0,92,115,1
1,34,1,1,0,0,1,0,0,0,0,0,0,0,0,0,0,0,0,0,1,0,0,0,0,0,0,0,1,0,1,5,0,0,1,0,13,2,0
0,95,30,0,1,0,0,0,0,0,0,0,0,0,0,0,0,0,0,1,0,0,0,0,0,0,1,0,27,1,0,1,1,0,1,0,53,220,1
1,124,55,0,1,0,0,0,0,0,0,0,0,0,0,0,0,0,0,1,0,0,0,0,0,0,1,0,26,1,1,5,0,0,1,0,45,224,1
1,67,139,0,1,0,0,0,0,0,0,1,0,0,0,0,0,0,0,0,0,0,0,1,0,0,0,0,3,0,0,1,0,0,1,0,1,1,0
0,295,188,0,1,0,0,0,0,1,0,0,0,0,0,0,0,0,0,0,0,0,0,0,0,0,1,0,110,1,0,1,1,0,1,0,1,1,1
1,173,66,0,1,0,0,0,0,0,0,0,0,1,0,0,0,0,0,0,0,0,0,1,0,0,0,0,31,0,0,1,1,0,1,0,98,1,0
1,222,154,1,0,0,0,0,0,1,0,0,0,0,0,0,0,0,0,0,0,0,0,1,0,0,0,0,4,0,0,1,0,0,1,0,53,1,0
1,279,119,0,1,0,0,0,0,0,0,0,0,1,0,0,0,0,0,0,0,0,0,1,0,0,0,0,26,0,0,1,1,0,1,0,1,82,0
1,126,87,1,0,0,0,0,1,0,0,0,0,0,0,0,0,0,0,0,0,0,0,0,0,0,1,0,95,1,1,3,1,0,1,0,22,1,0
0,204,31,0,1,0,0,0,0,0,0,1,0,0,0,0,0,0,0,0,0,0,0,1,0,0,0,0,20,1,1,5,0,0,1,0,1,175,1
1,184,10,0,1,0,0,0,1,0,0,0,0,0,0,0,0,0,0,0,0,0,0,0,1,0,0,0,76,0,0,1,1,1,0,0,136,1,0
1,189,3,1,0,0,0,0,0,0,0,0,1,0,0,0,0,0,0,0,0,0,0,0,1,0,0,0,2,1,1,2,1,0,1,0,98,180,1
0,50,158,0,1,0,0,0,0,0,0,0,0,0,0,0,0,0,1,0,0,0,0,0,0,0,1,0,9,1,1,2,1,0,1,0,24,36,1
1,181,33,0,1,0,0,0,0,0,0,0,0,0,0,0,0,0,0,1,0,0,0,1,0,0,0,0,20,1,1,8,1,0,1,0,111,207,1
1,73,164,0,1,0,0,0,0,0,0,0,0,0,0,0,1,0,0,0,0,0,0,1,0,0,0,0,58,1,1,8,1,0,1,0,32,140,1
1,290,136,0,1,0,0,0,0,0,0,0,0,1,0,0,0,0,0,0,0,0,0,0,0,0,1,0,119,1,1,10,0,0,1,0,64,177,1
1,242,102,0,1,0,0,0,0,0,0,0,0,1,0,0,0,0,0,0,0,0,0,1,0,0,0,0,85,1,1,8,0,0,1,0,1,201,1
1,49,29,1,0,0,0,0,0,0,0,0,0,1,0,0,0,0,0,0,0,0,0,1,0,0,0,0,47,0,0,1,1,1,0,0,86,1,0
0,227,46,0,1,0,1,0,0,0,0,0,0,0,0,0,0,0,0,0,1,0,0,0,0,0,0,0,1,0,0,1,0,0,1,0,23,1,0
0,323,205,0,1,0,0,0,0,0,0,0,0,1,0,0,0,0,0,0,0,0,0,1,0,0,0,0,93,1,1,8,0,0,1,0,1,200,1
0,160,85,0,1,0,0,0,0,0,0,0,0,0,0,0,0,0,1,0,0,0,0,0,0,0,1,0,17,1,1,10,1,0,1,0,64,1,1
1,64,27,0,1,0,0,0,0,0,0,0,0,0,1,0,0,0,0,0,0,0,0,1,0,0,0,0,8,0,1,2,0,0,1,0,136,91,0
0,327,151,0,1,0,0,0,0,0,0,0,0,0,0,0,1,0,0,0,0,0,0,1,0,0,0,0,76,1,1,15,0,0,1,0,1,176,1
1,137,13,0,1,0,0,0,0,0,0,0,0,1,0,0,0,0,0,0,0,0,0,1,0,0,0,0,8,0,0,1,0,0,1,0,77,62,0
0,273,87,0,1,0,0,0,0,0,1,0,0,0,0,0,0,0,0,0,0,0,1,0,0,0,0,0,1,1,0,1,0,0,1,0,32,148,1
1,52,73,1,0,0,0,1,0,0,0,0,0,0,0,0,0,0,0,0,0,0,0,1,0,0,0,0,28,1,1,9,1,0,1,0,53,2,1
0,92,180,0,1,0,0,0,0,0,0,1,0,0,0,0,0,0,0,0,0,0,0,1,0,0,0,0,37,1,1,13,1,0,1,0,38,121,1
0,51,17,1,0,0,0,0,0,0,0,0,0,0,0,1,0,0,0,0,0,1,0,0,0,0,0,0,26,0,0,1,0,0,1,0,92,1,0
1,91,187,1,0,0,1,0,0,0,0,0,0,0,0,0,0,0,0,0,1,0,0,0,0,0,0,0,1,0,0,1,0,0,1,0,65,1,0
0,112,69,1,0,0,0,0,0,0,0,0,0,1,0,0,0,0,0,0,0,0,0,1,0,0,0,0,3,0,0,1,0,1,0,0,24,1,0
1,244,29,0,1,0,1,0,0,0,0,0,0,0,0,0,0,0,0,0,1,0,0,0,0,0,0,0,1,1,0,1,0,0,1,0,42,2,0
0,223,93,0,1,0,0,0,0,0,0,0,0,1,0,0,0,0,0,0,0,0,0,1,0,0,0,0,4,0,0,1,0,0,1,0,53,1,0
1,39,20,0,1,0,1,0,0,0,0,0,0,0,0,0,0,0,0,0,1,0,0,0,0,0,0,0,1,0,1,4,0,0,1,0,114,137,0
1,232,144,0,1,0,0,0,0,0,0,0,1,0,0,0,0,0,0,0,0,0,0,1,0,0,0,0,99,1,1,15,0,0,1,0,86,211,1
1,104,17,0,1,0,0,0,0,0,0,0,0,1,0,0,0,0,0,0,0,0,0,1,0,0,0,0,36,1,1,6,1,0,1,0,106,1,1
0,274,73,0,1,0,0,0,0,0,0,0,0,1,0,0,0,0,0,0,0,0,0,1,0,0,0,0,55,1,1,9,1,0,1,0,129,208,1
1,40,151,1,0,0,0,0,0,1,0,0,0,0,0,0,0,0,0,0,0,0,0,0,0,0,1,0,23,1,0,1,1,0,1,0,45,1,0
0,67,40,1,0,0,1,0,0,0,0,0,0,0,0,0,0,0,0,0,1,0,0,0,0,0,0,0,71,0,0,1,0,0,1,0,98,1,0
1,32,83,1,0,0,1,0,0,0,0,0,0,0,0,0,0,0,0,0,1,0,0,0,0,0,0,0,1,0,0,1,1,0,1,0,63,2,0
1,339,206,0,1,0,0,0,0,0,0,0,0,0,0,0,0,0,0,1,0,0,0,0,0,0,1,0,129,1,1,10,1,0,1,0,1,150,1
0,11,40,0,1,0,0,0,0,0,0,0,0,0,0,0,1,0,0,0,0,0,0,1,0,0,0,0,7,0,1,2,0,0,1,0,34,48,0
0,343,196,0,1,0,0,0,0,0,0,0,0,0,0,1,0,0,0,0,0,0,0,0,0,0,0,1,1,1,1,15,0,0,1,0,1,204,1
1,349,210,0,1,0,0,0,0,0,0,0,0,0,0,1,0,0,0,0,0,0,0,0,0,0,0,1,120,1,1,2,1,0,1,0,1,53,1
0,5,72,0,1,0,0,0,0,0,0,0,0,0,0,0,1,0,0,0,0,0,0,1,0,0,0,0,3,0,0,1,0,0,1,0,38,1,0
1,197,87,0,1,0,0,1,0,0,0,0,0,0,0,0,0,0,0,0,0,0,0,0,1,0,0,0,119,1,0,1,1,0,1,0,65,1,0
0,280,132,0,1,0,0,0,0,0,0,0,0,0,0,1,0,0,0,0,0,0,0,0,1,0,0,0,99,1,1,7,0,0,1,0,123,239,1
1,78,1,0,1,0,0,0,0,0,0,0,0,1,0,0,0,0,0,0,0,0,0,1,0,0,0,0,1,0,0,1,0,0,0,1,65,1,1
1,270,46,0,1,0,0,0,0,0,0,0,0,1,0,0,0,0,0,0,0,0,0,1,0,0,0,0,58,1,0,1,1,0,1,0,45,1,0
1,2,123,0,1,0,0,0,0,0,0,0,0,0,0,1,0,0,0,0,0,0,0,1,0,0,0,0,26,0,0,1,0,0,1,0,161,1,0
1,32,14,1,0,0,0,0,0,0,0,0,0,1,0,0,0,0,0,0,0,0,0,1,0,0,0,0,5,0,1,2,0,0,1,0,69,2,0
1,307,119,0,1,0,0,0,0,1,0,0,0,0,0,0,0,0,0,0,0,0,0,1,0,0,0,0,98,1,1,16,0,0,1,0,1,231,1
1,35,1,1,0,0,0,0,0,0,0,0,1,0,0,0,0,0,0,0,0,0,0,0,1,0,0,0,1,0,0,1,1,1,0,0,152,2,1
1,22,6,0,1,0,0,0,0,0,0,0,0,0,0,0,1,0,0,0,0,0,0,0,0,1,0,0,6,0,0,1,0,0,1,0,69,32,1
1,218,29,0,1,0,0,0,0,0,0,0,0,0,0,1,0,0,0,0,0,0,0,1,0,0,0,0,2,0,0,1,0,0,1,0,38,6,0
1,72,48,1,0,0,0,0,0,0,0,0,0,0,1,0,0,0,0,0,0,0,0,1,0,0,0,0,67,1,1,7,0,0,1,0,24,1,1
1,283,91,0,1,0,0,0,0,0,0,0,0,0,0,0,0,0,0,1,0,0,0,0,1,0,0,0,3,0,0,1,1,0,1,0,156,1,0
1,189,66,0,1,0,0,0,0,0,0,0,0,1,0,0,0,0,0,0,0,0,0,1,0,0,0,0,26,0,0,1,0,0,1,0,146,17,0
0,180,49,0,1,0,0,1,0,0,0,0,0,0,0,0,0,0,0,0,0,0,0,1,0,0,0,0,15,0,0,1,1,0,1,0,1,1,0
1,261,13,1,0,0,0,0,0,0,0,0,0,1,0,0,0,0,0,0,0,0,0,1,0,0,0,0,10,1,1,9,1,0,1,0,102,70,1
1,193,88,1,0,0,0,0,1,0,0,0,0,0,0,0,0,0,0,0,0,0,0,0,1,0,0,0,110,1,1,8,1,0,1,0,68,1,1
1,258,73,0,1,0,0,0,1,0,0,0,0,0,0,0,0,0,0,0,0,0,0,0,1,0,0,0,26,1,0,1,0,0,1,0,1,77,0
1,25,6,0,1,0,0,1,0,0,0,0,0,0,0,0,0,0,0,0,0,0,0,1,0,0,0,0,7,0,0,1,1,1,0,0,98,1,0
1,77,66,0,1,0,1,0,0,0,0,0,0,0,0,0,0,0,0,0,1,0,0,0,0,0,0,0,3,0,0,1,1,0,1,0,32,209,0
0,70,135,1,0,0,0,0,0,0,0,0,0,0,0,0,0,0,0,1,0,0,0,1,0,0,0,0,57,0,0,1,0,0,1,0,55,1,1
1,21,8,0,1,0,0,0,0,0,0,1,0,0,0,0,0,0,0,0,0,0,0,1,0,0,0,0,2,0,0,1,0,0,1,0,98,135,0
1,27,159,1,0,0,0,0,0,0,0,1,0,0,0,0,0,0,0,0,0,0,0,1,0,0,0,0,4,1,0,1,0,0,1,0,38,105,0
0,124,46,0,1,0,0,0,0,0,0,0,1,0,0,0,0,0,0,0,0,0,0,1,0,0,0,0,47,1,0,1,0,1,0,0,118,1,0
0,33,141,1,0,0,0,0,0,0,0,0,0,1,0,0,0,0,0,0,0,0,0,1,0,0,0,0,26,1,1,5,1,0,1,0,24,115,1
1,72,26,0,1,0,0,0,1,0,0,0,0,0,0,0,0,0,0,0,0,0,0,1,0,0,0,0,39,0,1,2,1,0,1,0,131,10,0
1,336,183,1,0,0,0,0,0,0,0,0,0,1,0,0,0,0,0,0,0,0,0,0,0,0,1,0,85,1,0,1,0,0,1,0,36,1,0
0,82,139,0,1,0,0,0,0,0,0,0,0,0,0,0,1,0,0,0,0,0,0,1,0,0,0,0,110,1,1,6,1,0,1,0,38,1,1
1,201,77,0,1,0,0,0,0,0,0,0,0,0,0,0,0,0,0,1,0,0,0,0,0,0,1,0,74,1,0,1,1,0,1,0,163,1,0
0,322,92,1,0,0,1,0,0,0,0,0,0,0,0,0,0,0,0,0,1,0,0,0,0,0,0,0,85,0,0,1,1,0,1,0,1,5,0
0,309,6,0,1,0,1,0,0,0,0,0,0,0,0,0,0,0,0,0,1,0,0,0,0,0,0,0,1,0,0,1,1,1,0,0,19,26,0
1,246,88,0,1,0,0,0,0,0,0,0,0,0,0,0,0,0,1,0,0,0,0,0,0,0,1,0,101,1,1,9,0,0,1,0,107,1,1
1,255,103,0,1,0,0,0,0,0,0,0,0,0,0,0,1,0,0,0,0,0,0,0,0,0,1,0,120,1,0,1,1,0,1,0,27,1,1
1,246,40,1,0,0,0,0,0,0,0,0,0,0,1,0,0,0,0,0,0,0,0,1,0,0,0,0,7,0,0,1,0,0,1,0,1,75,0
0,186,26,0,1,0,0,0,0,1,0,0,0,0,0,0,0,0,0,0,0,0,0,0,1,0,0,0,26,1,1,4,1,0,1,0,75,1,0
1,103,180,0,1,0,0,0,0,0,0,0,0,0,0,0,0,0,1,0,0,0,0,1,0,0,0,0,30,1,1,23,1,0,1,0,45,89,1
1,88,120,1,0,0,0,1,0,0,0,0,0,0,0,0,0,0,0,0,0,0,0,1,0,0,0,0,93,1,0,1,1,1,0,0,32,1,1
1,80,171,1,0,0,0,0,0,0,0,0,0,0,1,0,0,0,0,0,0,0,0,1,0,0,0,0,23,1,0,1,1,0,1,0,53,94,1
1,155,66,0,1,0,0,0,0,0,0,0,0,0,0,0,0,0,1,0,0,0,0,0,0,0,1,0,52,0,0,1,1,1,0,0,111,1,0
1,215,87,0,1,0,0,0,0,0,0,0,0,1,0,0,0,0,0,0,0,0,0,0,1,0,0,0,85,1,0,1,1,1,0,0,98,1,0
1,110,47,0,1,0,0,0,0,0,0,0,0,0,1,0,0,0,0,0,0,0,0,1,0,0,0,0,4,0,0,1,0,0,1,0,32,1,0
0,144,22,0,1,0,0,0,0,0,0,0,0,0,1,0,0,0,0,0,0,0,0,1,0,0,0,0,7,0,0,1,1,0,1,0,102,1,0
0,76,54,0,1,0,0,0,0,0,1,0,0,0,0,0,0,0,0,0,0,0,1,0,0,0,0,0,1,0,1,2,0,0,1,0,69,37,0
1,14,73,0,1,0,0,0,0,1,0,0,0,0,0,0,0,0,0,0,0,0,0,1,0,0,0,0,2,0,0,1,1,0,1,0,53,32,0
1,139,195,0,1,0,0,0,0,0,0,1,0,0,0,0,0,0,0,0,0,0,0,1,0,0,0,0,86,1,1,6,1,0,1,0,57,1,1
0,134,83,0,1,0,0,0,1,0,0,0,0,0,0,0,0,0,0,0,0,0,0,0,1,0,0,0,14,1,0,1,1,0,1,0,59,1,0
1,194,1,0,1,0,0,0,0,0,0,0,0,1,0,0,0,0,0,0,0,0,0,1,0,0,0,0,1,0,0,1,0,0,0,1,65,1,0
1,81,20,0,1,0,0,0,0,0,0,0,0,1,0,0,0,0,0,0,0,0,0,0,0,0,1,0,3,1,0,1,0,0,1,0,63,1,0
1,95,167,0,1,0,0,0,0,0,0,0,0,1,0,0,0,0,0,0,0,0,0,1,0,0,0,0,58,1,1,18,0,0,1,0,69,159,1
0,31,127,0,1,0,0,0,0,0,0,0,0,0,0,0,1,0,0,0,0,0,0,1,0,0,0,0,62,1,1,6,0,0,1,0,65,236,1
1,13,10,0,1,0,0,0,0,0,0,0,0,0,0,0,1,0,0,0,0,0,0,1,0,0,0,0,9,0,1,5,0,0,1,0,53,9,0
0,7,12,0,1,0,1,0,0,0,0,0,0,0,0,0,0,0,0,0,1,0,0,0,0,0,0,0,1,0,1,2,0,0,1,0,53,59,0
1,178,66,0,1,0,0,0,0,0,0,1,0,0,0,0,0,0,0,0,0,0,0,1,0,0,0,0,43,0,1,3,1,0,1,0,165,1,0
0,46,151,0,1,0,0,0,0,0,0,0,0,1,0,0,0,0,0,0,0,0,0,0,0,0,1,0,26,1,1,5,0,0,1,0,15,174,1
0,61,52,1,0,0,0,0,0,0,1,0,0,0,0,0,0,0,0,0,0,0,1,0,0,0,0,0,1,0,0,1,0,0,1,0,53,1,0
1,181,34,0,1,0,0,0,0,0,0,0,0,0,0,0,0,1,0,0,0,0,0,0,0,0,1,0,99,1,0,1,1,0,1,0,55,237,1
0,99,57,0,1,0,0,0,0,0,0,0,0,1,0,0,0,0,0,0,0,0,0,0,0,0,1,0,63,1,0,1,1,0,1,0,117,2,0
0,92,73,0,1,0,0,0,0,0,0,0,0,0,0,0,1,0,0,0,0,0,0,0,0,0,1,0,44,1,1,19,0,0,1,0,1,115,1
1,157,1,0,1,0,0,0,0,0,0,0,0,0,1,0,0,0,0,0,0,0,0,1,0,0,0,0,31,1,1,2,0,0,1,0,70,1,1
1,50,104,1,0,0,0,0,0,0,1,0,0,0,0,0,0,0,0,0,0,0,0,1,0,0,0,0,8,0,0,1,0,0,1,0,45,74,0
0,241,133,1,0,0,0,0,0,1,0,0,0,0,0,0,0,0,0,0,0,0,0,1,0,0,0,0,5,0,1,3,0,0,1,0,65,19,0
1,140,40,0,1,0,0,0,0,0,0,0,0,1,0,0,0,0,0,0,0,0,0,0,0,0,1,0,7,0,1,3,1,0,1,0,131,52,0
1,244,17,1,0,0,0,0,0,0,0,0,1,0,0,0,0,0,0,0,0,0,0,1,0,0,0,0,14,0,0,1,1,0,1,0,42,1,0
0,141,16,0,1,0,0,0,0,1,0,0,0,0,0,0,0,0,0,0,0,0,0,1,0,0,0,0,15,1,1,5,0,0,1,0,124,115,1
1,312,17,1,0,0,0,0,0,1,0,0,0,0,0,0,0,0,0,0,0,0,0,0,0,0,1,0,75,1,0,1,0,0,1,0,63,95,1
1,188,109,1,0,0,0,0,0,0,0,0,0,1,0,0,0,0,0,0,0,0,0,1,0,0,0,0,37,0,0,1,1,0,1,0,18,1,0
1,95,175,0,1,0,0,0,0,1,0,0,0,0,0,0,0,0,0,0,0,0,0,1,0,0,0,0,52,1,1,3,1,0,1,0,38,6,0
0,113,67,1,0,0,1,0,0,0,0,0,0,0,0,0,0,0,0,0,1,0,0,0,0,0,0,0,1,0,0,1,1,0,1,0,63,41,0
0,180,97,0,1,0,0,0,0,0,0,0,0,0,0,0,1,0,0,0,0,0,0,0,0,0,1,0,40,1,1,3,0,0,1,0,1,1,1
1,185,59,0,1,0,0,0,0,0,0,0,0,1,0,0,0,0,0,0,0,0,0,1,0,0,0,0,37,0,0,1,0,0,0,1,38,1,0
1,207,109,0,1,0,0,0,1,0,0,0,0,0,0,0,0,0,0,0,0,0,0,0,1,0,0,0,85,0,0,1,0,0,1,0,73,129,0
1,38,11,0,1,0,0,0,0,1,0,0,0,0,0,0,0,0,0,0,0,0,0,1,0,0,0,0,8,0,0,1,0,0,1,0,98,103,0
1,87,30,0,1,0,0,0,0,0,0,0,0,0,0,0,1,0,0,0,0,0,0,1,0,0,0,0,83,1,1,3,1,0,1,0,156,180,1
0,153,119,0,1,0,0,0,0,0,0,0,0,1,0,0,0,0,0,0,0,0,0,0,1,0,0,0,76,1,1,8,1,0,1,0,1,201,1
1,42,123,0,1,0,0,0,0,0,0,0,0,1,0,0,0,0,0,0,0,0,0,1,0,0,0,0,14,0,0,1,0,0,1,0,1,1,0
1,99,19,0,1,0,0,0,0,0,0,0,0,1,0,0,0,0,0,0,0,0,0,1,0,0,0,0,8,1,1,8,1,0,1,0,30,214,1
1,142,99,0,1,0,0,0,0,0,0,0,1,0,0,0,0,0,0,0,0,0,0,1,0,0,0,0,47,0,1,2,1,0,1,0,146,43,0
1,262,61,0,1,0,0,0,1,0,0,0,0,0,0,0,0,0,0,0,0,0,0,0,1,0,0,0,20,1,0,1,0,0,1,0,159,1,0
1,136,38,0,1,0,0,0,0,1,0,0,0,0,0,0,0,0,0,0,0,0,0,1,0,0,0,0,14,1,0,1,0,1,0,0,98,1,0
1,163,73,1,0,0,0,0,1,0,0,0,0,0,0,0,0,0,0,0,0,0,0,0,1,0,0,0,101,0,0,1,0,0,1,0,1,2,0
1,45,150,0,1,0,0,0,0,0,0,0,0,0,0,1,0,0,0,0,0,1,0,0,0,0,0,0,1,1,0,1,0,0,1,0,1,1,1
1,269,136,0,1,0,0,0,0,0,0,0,0,0,0,0,0,0,1,0,0,0,0,0,0,0,1,0,124,1,1,2,1,0,1,0,26,180,1
0,74,62,0,1,0,0,0,0,0,0,0,0,0,0,0,1,0,0,0,0,0,0,0,0,0,1,0,53,1,1,8,1,0,1,0,45,193,1
0,49,73,0,1,0,0,0,0,0,0,0,0,0,0,0,1,0,0,0,0,0,0,1,0,0,0,0,5,1,1,4,0,0,1,0,32,7,1
1,126,46,0,1,0,0,0,0,0,0,0,0,0,1,0,0,0,0,0,0,0,0,1,0,0,0,0,52,0,1,2,1,0,1,0,32,4,0
1,244,61,1,0,0,0,0,0,0,0,0,0,0,0,0,0,0,0,1,0,0,0,0,0,0,1,0,115,1,0,1,1,0,1,0,61,1,0
1,318,215,1,0,0,0,0,0,0,0,0,0,1,0,0,0,0,0,0,0,0,0,1,0,0,0,0,132,1,1,22,0,0,1,0,1,16,1
0,339,6,0,1,0,1,0,0,0,0,0,0,0,0,0,0,0,0,0,1,0,0,0,0,0,0,0,1,1,1,2,0,0,1,0,84,50,1
0,69,167,1,0,0,0,0,0,0,0,0,0,0,0,0,0,0,0,1,0,0,0,0,0,0,1,0,20,1,1,5,0,0,1,0,1,97,1
0,88,66,1,0,0,0,0,1,0,0,0,0,0,0,0,0,0,0,0,0,0,0,0,1,0,0,0,81,0,0,1,0,0,1,0,69,111,0
0,345,115,0,1,0,1,0,0,0,0,0,0,0,0,0,0,0,0,0,1,0,0,0,0,0,0,0,1,0,0,1,0,1,0,0,1,1,0
1,203,26,0,1,0,0,0,0,1,0,0,0,0,0,0,0,0,0,0,0,0,0,1,0,0,0,0,37,0,0,1,1,0,1,0,83,1,0
1,287,175,0,1,0,0,0,0,0,0,0,1,0,0,0,0,0,0,0,0,0,0,1,0,0,0,0,128,1,0,1,0,1,0,0,35,1,1
0,128,196,1,0,0,0,0,0,0,0,0,0,0,0,1,0,0,0,0,0,0,0,0,0,0,0,1,1,1,0,1,0,0,1,0,1,232,1
1,200,66,0,1,0,0,0,0,1,0,0,0,0,0,0,0,0,0,0,0,0,0,1,0,0,0,0,81,1,1,8,0,0,1,0,49,165,1
1,293,129,0,1,0,0,0,1,0,0,0,0,0,0,0,0,0,0,0,0,0,0,0,1,0,0,0,105,1,1,16,1,0,1,0,1,213,1
1,350,109,0,1,0,0,0,0,0,0,0,0,1,0,0,0,0,0,0,0,0,0,1,0,0,0,0,15,1,0,1,0,0,1,0,1,99,0
1,139,185,0,1,0,0,1,0,0,0,0,0,0,0,0,0,0,0,0,0,0,0,0,0,0,1,0,14,0,0,1,0,0,1,0,81,1,0
0,12,17,0,1,0,0,0,1,0,0,0,0,0,0,0,0,0,0,0,0,0,0,1,0,0,0,0,5,0,1,7,1,0,1,0,86,30,0
0,6,6,0,1,0,0,0,0,0,0,1,0,0,0,0,0,0,0,0,0,0,0,1,0,0,0,0,26,0,1,3,1,0,1,0,107,2,0
1,333,193,0,1,0,1,0,0,0,0,0,0,0,0,0,0,0,0,0,1,0,0,0,0,0,0,0,130,1,1,16,1,0,1,0,1,150,1
1,127,55,0,1,0,0,0,0,1,0,0,0,0,0,0,0,0,0,0,0,0,0,0,0,0,1,0,77,1,1,3,1,0,1,0,64,1,1
1,249,47,0,1,0,0,0,1,0,0,0,0,0,0,0,0,0,0,0,0,0,0,0,1,0,0,0,73,0,0,1,0,0,1,0,76,1,1
1,86,139,0,1,0,0,0,0,0,0,1,0,0,0,0,0,0,0,0,0,0,0,1,0,0,0,0,7,0,0,1,1,0,1,0,1,1,0
1,90,186,1,0,0,0,0,0,0,0,1,0,0,0,0,0,0,0,0,0,0,0,1,0,0,0,0,2,0,0,1,1,0,1,0,38,113,0
1,196,196,0,1,0,0,0,0,0,0,0,0,0,0,0,0,1,0,0,0,0,0,0,0,1,0,0,92,1,1,10,1,0,1,0,1,61,1
1,185,40,0,1,0,0,0,0,0,0,0,0,0,1,0,0,0,0,0,0,0,0,1,0,0,0,0,29,0,0,1,0,0,1,0,38,1,0
0,243,151,0,1,0,0,0,0,0,0,0,0,0,0,0,1,0,0,0,0,0,0,0,0,0,1,0,43,1,0,1,0,0,1,0,8,143,1
1,47,54,0,1,0,0,0,0,0,0,0,0,1,0,0,0,0,0,0,0,0,0,1,0,0,0,0,52,1,1,2,0,0,1,0,32,66,1
1,218,37,1,0,0,0,1,0,0,0,0,0,0,0,0,0,0,0,0,0,0,0,1,0,0,0,0,37,0,0,1,1,0,1,0,138,1,1
1,288,92,0,1,0,0,0,0,0,0,0,1,0,0,0,0,0,0,0,0,0,0,1,0,0,0,0,4,1,0,1,1,0,1,0,80,1,1
1,76,26,0,1,0,0,0,0,0,0,0,1,0,0,0,0,0,0,0,0,0,0,1,0,0,0,0,14,0,0,1,1,1,0,0,107,1,0
1,199,81,0,1,0,0,0,0,0,0,0,0,1,0,0,0,0,0,0,0,0,0,0,0,0,1,0,109,0,0,1,1,0,1,0,1,1,0
1,10,70,0,1,0,0,0,0,0,0,1,0,0,0,0,0,0,0,0,0,0,0,1,0,0,0,0,18,0,1,2,0,0,1,0,24,22,0
1,72,160,0,1,0,0,0,0,0,0,0,0,0,0,0,1,0,0,0,0,0,0,0,0,0,1,0,33,1,0,1,0,0,1,0,32,1,1
0,61,173,0,1,0,0,0,0,0,0,0,0,1,0,0,0,0,0,0,0,0,0,1,0,0,0,0,7,0,0,1,1,0,1,0,63,1,0
0,96,67,1,0,0,0,0,0,0,0,1,0,0,0,0,0,0,0,0,0,0,0,1,0,0,0,0,7,1,0,1,1,0,1,0,120,1,1
1,209,58,1,0,0,0,0,0,0,0,0,0,0,1,0,0,0,0,0,0,0,0,1,0,0,0,0,3,1,1,2,0,0,1,0,15,157,1
0,134,85,0,1,0,0,0,0,0,0,0,0,1,0,0,0,0,0,0,0,0,0,1,0,0,0,0,7,0,1,2,1,0,1,0,11,67,0
1,66,176,0,1,0,0,0,0,0,0,0,0,1,0,0,0,0,0,0,0,0,0,1,0,0,0,0,72,0,1,3,1,0,1,0,63,72,0
1,190,47,0,1,0,0,0,0,0,0,0,0,0,0,0,0,0,1,0,0,0,0,1,0,0,0,0,38,1,1,2,1,0,1,0,156,238,1
1,199,66,0,1,0,0,0,1,0,0,0,0,0,0,0,0,0,0,0,0,0,0,1,0,0,0,0,26,0,0,1,1,0,1,0,73,1,0
1,134,84,0,1,0,0,0,0,0,0,1,0,0,0,0,0,0,0,0,0,0,0,1,0,0,0,0,7,0,0,1,1,0,1,0,32,1,0
0,35,108,0,1,0,0,0,1,0,0,0,0,0,0,0,0,0,0,0,0,0,0,0,0,0,1,0,8,0,0,1,0,0,1,0,24,114,0
1,79,33,0,1,0,0,0,0,0,0,0,0,1,0,0,0,0,0,0,0,0,0,1,0,0,0,0,23,1,0,1,0,1,0,0,102,1,1
1,11,5,0,1,0,0,0,0,0,0,0,0,1,0,0,0,0,0,0,0,0,0,1,0,0,0,0,5,0,0,1,0,0,1,0,43,1,0
0,43,5,0,1,0,0,0,0,0,0,0,0,0,0,0,1,0,0,0,0,0,0,1,0,0,0,0,26,0,1,2,0,0,1,0,86,136,1
1,68,164,0,1,0,0,0,0,0,0,0,0,0,1,0,0,0,0,0,0,0,0,1,0,0,0,0,47,1,1,2,0,0,1,0,24,90,1
1,188,104,1,0,0,0,0,1,0,0,0,0,0,0,0,0,0,0,0,0,0,0,0,1,0,0,0,28,0,0,1,1,0,1,0,149,1,0
0,323,12,0,1,0,0,0,1,0,0,0,0,0,0,0,0,0,0,0,0,0,0,0,1,0,0,0,26,1,0,1,1,0,1,0,88,187,0
1,9,29,0,1,0,0,0,0,0,0,0,1,0,0,0,0,0,0,0,0,0,0,1,0,0,0,0,3,1,0,1,0,1,0,0,69,1,0
1,177,66,0,1,0,0,0,0,0,0,0,0,0,0,0,0,0,1,0,0,0,0,0,0,0,1,0,63,1,1,7,0,0,1,0,53,183,1
1,286,211,0,1,0,0,0,0,0,0,0,0,0,1,0,0,0,0,0,0,0,0,1,0,0,0,0,43,1,1,4,0,0,1,0,38,15,1
1,190,70,0,1,0,0,0,1,0,0,0,0,0,0,0,0,0,0,0,0,0,0,0,1,0,0,0,58,0,0,1,1,0,1,0,84,77,0
1,26,39,1,0,0,0,0,0,0,0,0,0,0,0,1,0,0,0,0,0,1,0,0,0,0,0,0,1,0,0,1,0,0,1,0,32,1,0
1,266,17,0,1,0,0,0,0,0,0,0,1,0,0,0,0,0,0,0,0,0,0,1,0,0,0,0,116,1,0,1,0,1,0,0,131,1,0
1,228,52,0,1,0,0,0,0,1,0,0,0,0,0,0,0,0,0,0,0,0,0,1,0,0,0,0,14,0,0,1,1,0,1,0,102,3,0
1,164,26,1,0,0,0,0,0,0,0,1,0,0,0,0,0,0,0,0,0,0,0,1,0,0,0,0,73,0,0,1,1,0,1,0,107,1,0
1,96,51,0,1,0,0,0,0,0,0,0,0,0,0,0,0,0,0,1,0,0,0,1,0,0,0,0,41,1,1,2,1,0,1,0,128,21,1
1,341,164,0,1,0,0,0,0,0,0,0,0,0,0,1,0,0,0,0,0,0,0,0,0,0,0,1,131,1,1,8,1,0,1,0,5,1,1
1,247,1,0,1,0,0,0,0,0,0,0,0,1,0,0,0,0,0,0,0,0,0,0,1,0,0,0,126,1,0,1,0,0,1,0,1,1,1
1,160,37,0,1,0,1,0,0,0,0,0,0,0,0,0,0,0,0,0,1,0,0,0,0,0,0,0,1,0,1,2,0,0,1,0,30,20,0
0,214,98,0,1,0,1,0,0,0,0,0,0,0,0,0,0,0,0,0,1,0,0,0,0,0,0,0,1,0,0,1,0,0,1,0,53,1,0
1,173,127,0,1,0,0,0,0,0,0,0,0,0,0,1,0,0,0,0,0,0,0,0,1,0,0,0,39,1,0,1,1,1,0,0,136,1,0
0,168,76,0,1,0,1,0,0,0,0,0,0,0,0,0,0,0,0,0,1,0,0,0,0,0,0,0,66,0,1,3,1,0,1,0,69,5,0
1,93,70,0,1,0,0,0,0,0,0,0,0,1,0,0,0,0,0,0,0,0,0,1,0,0,0,0,52,1,1,7,0,0,1,0,65,125,1
1,63,18,1,0,0,0,0,0,0,0,0,0,0,0,0,0,0,0,1,0,0,0,1,0,0,0,0,2,1,1,2,1,0,1,0,167,40,1
1,191,73,0,1,0,0,0,0,0,0,0,0,0,0,0,0,0,1,0,0,0,0,0,0,0,1,0,103,1,0,1,1,0,1,0,1,1,1
1,302,73,1,0,0,1,0,0,0,0,0,0,0,0,0,0,0,0,0,1,0,0,0,0,0,0,0,37,0,0,1,0,0,1,0,63,5,0
0,163,46,0,1,0,1,0,0,0,0,0,0,0,0,0,0,0,0,0,1,0,0,0,0,0,0,0,1,0,1,3,1,0,1,0,69,51,0
1,224,24,0,1,0,0,0,0,0,0,0,0,1,0,0,0,0,0,0,0,0,0,1,0,0,0,0,10,0,1,3,0,0,1,0,80,115,0
1,231,51,0,1,0,0,0,0,0,0,0,0,0,0,0,0,0,0,1,0,0,0,1,0,0,0,0,4,1,1,6,1,0,1,0,149,1,1
1,24,65,0,1,0,0,0,0,0,0,0,0,1,0,0,0,0,0,0,0,0,0,0,0,1,0,0,25,0,1,3,1,0,1,0,53,123,0
1,229,102,0,1,0,0,0,0,0,0,0,0,0,0,0,0,0,1,0,0,0,0,1,0,0,0,0,73,1,1,11,1,0,1,0,1,1,1
1,42,165,0,1,0,0,0,0,0,0,0,0,1,0,0,0,0,0,0,0,0,0,1,0,0,0,0,47,0,0,1,1,0,1,0,44,1,0
1,176,63,0,1,0,0,1,0,0,0,0,0,0,0,0,0,0,0,0,0,0,0,0,0,0,1,0,95,0,0,1,1,0,1,0,101,1,0
1,29,112,0,1,0,0,1,0,0,0,0,0,0,0,0,0,0,0,0,0,0,0,1,0,0,0,0,15,0,0,1,0,0,1,0,38,1,0
0,4,130,0,1,0,0,0,0,0,0,0,0,0,0,0,1,0,0,0,0,0,0,1,0,0,0,0,4,0,1,2,1,0,1,0,1,69,0
1,233,114,0,1,0,0,0,0,0,0,0,0,0,0,0,0,0,1,0,0,0,0,0,0,0,1,0,115,1,1,15,1,0,1,0,130,1,1
0,39,22,0,1,0,0,0,0,0,0,0,0,0,1,0,0,0,0,0,0,0,0,1,0,0,0,0,41,0,0,1,0,0,1,0,77,6,0
1,56,160,0,1,0,0,0,0,0,0,0,0,1,0,0,0,0,0,0,0,0,0,1,0,0,0,0,65,1,0,1,1,0,1,0,1,1,1
0,72,26,0,1,0,0,0,0,0,0,0,0,1,0,0,0,0,0,0,0,0,0,1,0,0,0,0,47,0,1,3,1,0,1,0,69,107,0
1,103,78,0,1,0,0,0,0,0,0,0,0,1,0,0,0,0,0,0,0,0,0,0,0,0,1,0,53,0,1,2,1,0,1,0,135,22,0
1,53,153,1,0,0,0,0,0,0,0,0,0,0,0,1,0,0,0,0,0,0,0,0,0,0,1,0,31,0,0,1,0,0,1,0,92,1,0
0,291,46,0,1,0,0,0,0,0,1,0,0,0,0,0,0,0,0,0,0,0,1,0,0,0,0,0,1,1,0,1,1,0,1,0,32,26,0
1,49,107,0,1,0,0,0,0,0,0,0,0,0,0,0,1,0,0,0,0,0,0,1,0,0,0,0,10,1,1,2,0,0,1,0,53,1,0
0,40,9,0,1,0,0,0,0,0,0,0,0,0,0,0,1,0,0,0,0,0,0,0,0,0,1,0,8,1,1,12,0,0,1,0,24,49,1
1,62,10,0,1,0,0,1,0,0,0,0,0,0,0,0,0,0,0,0,0,0,0,0,0,0,1,0,18,1,0,1,1,0,1,0,1,1,1
1,116,18,0,1,0,0,0,0,1,0,0,0,0,0,0,0,0,0,0,1,0,0,0,0,0,0,0,1,0,0,1,0,0,1,0,32,1,0
0,225,102,0,1,0,0,0,0,0,0,0,0,0,0,0,0,0,1,0,0,0,0,1,0,0,0,0,122,1,0,1,1,0,1,0,169,1,0
0,296,181,0,1,0,0,0,0,0,0,1,0,0,0,0,0,0,0,0,0,0,0,1,0,0,0,0,53,1,1,4,1,0,1,0,52,1,1
0,3,13,0,1,0,0,0,0,0,0,0,0,1,0,0,0,0,0,0,0,0,0,1,0,0,0,0,26,0,0,1,0,0,1,0,38,19,0
0,90,183,0,1,0,0,0,0,0,0,0,0,1,0,0,0,0,0,0,0,0,0,0,1,0,0,0,84,1,1,3,0,0,1,0,21,110,1
1,52,100,1,0,0,0,0,0,0,0,0,0,0,1,0,0,0,0,0,0,0,0,1,0,0,0,0,52,1,1,2,1,0,1,0,24,94,1
1,65,164,0,1,0,0,0,0,0,0,0,0,0,0,0,0,0,1,0,0,0,0,1,0,0,0,0,18,1,0,1,0,0,1,0,32,1,1
1,313,143,0,1,0,1,0,0,0,0,0,0,0,0,0,0,0,0,0,1,0,0,0,0,0,0,0,125,1,1,12,1,0,1,0,9,94,1
1,23,109,0,1,0,0,0,0,1,0,0,0,0,0,0,0,0,0,0,0,0,0,1,0,0,0,0,14,1,0,1,0,0,1,0,24,1,1
1,213,93,1,0,0,0,0,0,1,0,0,0,0,0,0,0,0,0,0,0,0,0,1,0,0,0,0,7,1,1,11,1,0,1,0,107,1,1
1,221,154,0,1,0,0,0,0,0,0,0,0,0,0,0,0,0,0,1,0,0,0,1,0,0,0,0,58,1,1,7,0,0,1,0,156,76,1
1,62,47,0,1,0,0,0,0,1,0,0,0,0,0,0,0,0,0,0,0,0,0,1,0,0,0,0,3,0,0,1,1,0,1,0,116,1,0
0,303,119,0,1,0,0,0,1,0,0,0,0,0,0,0,0,0,0,0,0,0,0,0,1,0,0,0,67,0,0,1,1,0,1,0,21,1,0
1,66,61,0,1,0,0,0,1,0,0,0,0,0,0,0,0,0,0,0,0,0,0,1,0,0,0,0,4,0,0,1,0,0,1,0,53,11,0
1,306,46,0,1,0,0,1,0,0,0,0,0,0,0,0,0,0,0,0,0,0,0,1,0,0,0,0,74,0,0,1,1,0,1,0,1,101,0
0,335,102,0,1,0,0,0,0,0,0,1,0,0,0,0,0,0,0,0,0,0,0,1,0,0,0,0,76,1,1,5,0,0,1,0,1,49,1
1,44,110,0,1,0,0,0,0,0,0,0,0,0,1,0,0,0,0,0,0,0,0,1,0,0,0,0,42,1,0,1,0,1,0,0,38,1,1
1,79,87,0,1,0,0,0,0,0,0,0,0,1,0,0,0,0,0,0,0,0,0,0,1,0,0,0,7,1,0,1,1,0,1,0,53,1,1
1,207,15,1,0,0,0,0,0,0,0,0,0,0,1,0,0,0,0,0,0,0,0,1,0,0,0,0,8,0,0,1,1,0,1,0,104,3,0
0,256,52,1,0,0,0,0,0,0,0,0,0,1,0,0,0,0,0,0,0,0,0,1,0,0,0,0,1,0,0,1,1,0,1,0,49,2,0
1,83,29,0,1,0,0,0,1,0,0,0,0,0,0,0,0,0,0,0,0,0,0,0,0,0,1,0,3,0,0,1,1,0,1,0,77,6,0
0,205,33,0,1,0,0,0,0,0,0,0,0,1,0,0,0,0,0,0,0,0,0,1,0,0,0,0,47,1,1,12,0,0,1,0,1,111,1
1,236,102,0,1,0,1,0,0,0,0,0,0,0,0,0,0,0,0,0,1,0,0,0,0,0,0,0,1,0,1,3,0,0,1,0,2,2,0
0,32,93,1,0,0,0,0,0,0,0,0,0,1,0,0,0,0,0,0,0,0,0,0,0,0,1,0,65,1,0,1,0,0,1,0,86,1,1
1,120,21,0,1,0,0,0,0,0,0,1,0,0,0,0,0,0,0,0,0,0,0,1,0,0,0,0,12,1,0,1,1,0,1,0,69,1,0
1,174,73,0,1,0,0,1,0,0,0,0,0,0,0,0,0,0,0,0,0,0,0,1,0,0,0,0,5,0,0,1,1,0,1,0,38,1,0
1,37,46,1,0,0,0,0,0,0,0,0,0,0,0,0,0,0,1,0,0,0,0,1,0,0,0,0,47,1,0,1,1,0,1,0,32,21,0
0,71,162,0,1,0,0,0,0,0,0,0,0,0,0,0,1,0,0,0,0,0,0,1,0,0,0,0,11,1,1,6,1,0,1,0,1,120,1
1,238,118,0,1,0,0,0,0,0,0,0,0,0,0,0,1,0,0,0,0,0,0,1,0,0,0,0,2,1,1,2,0,0,1,0,69,94,1
1,72,6,0,1,0,0,0,0,0,0,0,0,1,0,0,0,0,0,0,0,0,1,0,0,0,0,0,52,0,0,1,1,1,0,0,1,1,1
0,81,27,1,0,0,0,0,0,0,0,0,0,0,0,0,1,0,0,0,0,0,0,1,0,0,0,0,37,1,1,3,1,0,1,0,24,109,1
0,147,107,0,1,0,0,0,0,0,0,0,0,0,0,1,0,0,0,0,0,1,0,0,0,0,0,0,52,1,1,6,1,0,1,0,31,115,1
0,241,128,1,0,0,0,0,0,0,0,0,0,0,0,0,1,0,0,0,0,0,0,0,0,0,1,0,108,1,1,15,0,0,1,0,1,192,1
0,214,105,0,1,0,0,0,0,0,0,0,0,0,0,1,0,0,0,0,0,0,0,1,0,0,0,0,85,1,0,1,1,0,1,0,1,206,1
1,158,57,0,1,0,0,0,0,0,0,0,0,1,0,0,0,0,0,0,0,0,0,1,0,0,0,0,3,0,0,1,0,0,1,0,102,1,0
0,97,72,0,1,0,0,0,0,0,0,0,0,0,0,0,0,0,0,1,0,0,0,0,0,0,1,0,24,1,0,1,0,0,1,0,117,1,1
1,122,180,0,1,0,0,0,0,0,0,1,0,0,0,0,0,0,0,0,0,0,0,0,1,0,0,0,7,0,0,1,1,0,1,0,165,1,0
1,163,87,0,1,0,0,0,0,0,0,0,0,0,0,0,0,0,0,1,0,0,0,1,0,0,0,0,85,1,1,4,1,0,1,0,100,190,1
1,189,119,0,1,0,0,0,0,0,0,1,0,0,0,0,0,0,0,0,0,0,0,1,0,0,0,0,4,1,0,1,1,0,1,0,142,1,0
1,65,63,0,1,0,0,0,0,1,0,0,0,0,0,0,0,0,0,0,0,0,0,1,0,0,0,0,20,0,0,1,0,0,1,0,63,1,0
1,159,75,0,1,0,0,0,0,0,0,0,0,1,0,0,0,0,0,0,0,0,0,1,0,0,0,0,58,0,1,3,1,0,1,0,53,33,0
1,163,17,0,1,0,0,0,0,0,0,0,0,1,0,0,0,0,0,0,0,0,0,0,1,0,0,0,23,1,0,1,1,1,0,0,107,1,0
1,6,76,0,1,0,0,0,0,0,0,0,0,0,1,0,0,0,0,0,0,0,0,1,0,0,0,0,3,0,1,2,0,0,1,0,1,7,0
1,120,50,0,1,0,0,0,0,0,0,0,0,0,0,0,0,0,1,0,0,0,0,0,0,0,1,0,87,1,1,10,0,0,1,0,130,142,1
1,97,73,0,1,0,0,0,0,0,0,0,0,1,0,0,0,0,0,0,0,0,0,1,0,0,0,0,31,0,1,2,0,0,1,0,1,23,0
1,342,109,0,1,0,0,0,0,0,0,0,0,0,0,1,0,0,0,0,0,0,0,0,0,0,0,1,121,1,1,2,1,0,1,0,1,1,1
0,32,144,0,1,0,0,0,0,0,0,0,0,0,1,0,0,0,0,0,0,0,0,1,0,0,0,0,40,1,1,7,1,0,1,0,11,125,1
0,120,11,0,1,0,0,0,0,0,0,0,1,0,0,0,0,0,0,0,0,0,0,0,0,0,1,0,4,0,1,2,1,0,1,0,95,52,0
0,39,22,1,0,0,0,0,0,0,0,0,0,1,0,0,0,0,0,0,0,0,0,1,0,0,0,0,26,0,1,2,0,0,1,0,171,3,0
1,156,48,0,1,0,0,1,0,0,0,0,0,0,0,0,0,0,0,0,0,0,0,1,0,0,0,0,16,0,0,1,1,1,0,0,1,1,0
0,297,29,0,1,0,0,0,0,0,0,1,0,0,0,0,0,0,0,0,0,0,0,1,0,0,0,0,14,0,0,1,1,0,1,0,86,56,0
1,159,46,1,0,0,0,0,0,0,0,0,0,0,1,0,0,0,0,0,0,0,0,1,0,0,0,0,2,0,0,1,0,1,0,0,53,1,0
1,301,196,0,1,0,0,0,0,0,0,0,0,1,0,0,0,0,0,0,0,0,0,1,0,0,0,0,110,1,1,10,0,0,1,0,1,1,1
0,212,11,0,1,0,1,0,0,0,0,0,0,0,0,0,0,0,0,0,1,0,0,0,0,0,0,0,1,0,1,11,0,0,1,0,69,19,0
1,184,70,0,1,0,0,0,0,0,0,0,1,0,0,0,0,0,0,0,0,0,0,1,0,0,0,0,78,1,1,7,0,0,1,0,71,1,1
0,51,73,0,1,0,0,0,0,0,0,1,0,0,0,0,0,0,0,0,0,0,0,1,0,0,0,0,2,1,0,1,0,0,1,0,32,1,1
1,207,202,0,1,0,0,0,0,0,0,0,0,0,1,0,0,0,0,0,0,0,0,1,0,0,0,0,3,0,0,1,0,0,1,0,107,205,0
1,298,20,0,1,0,1,0,0,0,0,0,0,0,0,0,0,0,0,0,1,0,0,0,0,0,0,0,1,0,0,1,0,0,1,0,48,1,0
0,83,28,0,1,0,0,0,0,0,0,0,0,0,0,0,1,0,0,0,0,0,0,1,0,0,0,0,11,0,1,2,1,0,1,0,69,12,0
1,200,95,0,1,0,0,0,0,0,0,0,0,0,0,0,0,0,0,1,0,0,0,0,0,0,1,0,95,0,0,1,1,1,0,0,164,1,1
0,328,207,0,1,0,0,0,1,0,0,0,0,0,0,0,0,0,0,0,0,0,0,0,1,0,0,0,115,1,1,14,0,0,1,0,1,222,1
1,130,30,0,1,0,0,0,0,0,0,0,1,0,0,0,0,0,0,0,0,0,0,1,0,0,0,0,25,1,1,4,1,0,1,0,129,1,1
1,163,21,0,1,0,0,0,0,1,0,0,0,0,0,0,0,0,0,0,0,0,0,1,0,0,0,0,7,0,0,1,0,0,1,0,124,181,0
0,166,73,1,0,0,0,0,0,0,1,0,0,0,0,0,0,0,0,0,0,0,1,0,0,0,0,0,1,0,0,1,0,0,1,0,53,21,0
1,37,119,0,1,0,0,0,0,0,0,0,0,0,1,0,0,0,0,0,0,0,0,0,0,0,1,0,36,1,1,8,0,0,1,0,24,199,1
1,230,115,0,1,0,0,0,0,0,0,0,1,0,0,0,0,0,0,0,0,0,0,1,0,0,0,0,32,1,1,6,1,0,1,0,34,155,1
1,13,79,0,1,0,0,0,1,0,0,0,0,0,0,0,0,0,0,0,0,0,0,1,0,0,0,0,9,0,0,1,1,0,1,0,45,3,0
1,268,123,1,0,0,0,0,0,0,0,0,0,1,0,0,0,0,0,0,0,0,0,1,0,0,0,0,40,0,0,1,0,0,1,0,53,3,0
1,9,1,1,0,0,0,0,0,0,0,1,0,0,0,0,0,0,0,0,0,0,0,1,0,0,0,0,7,0,0,1,0,0,1,0,18,1,0
0,246,119,0,1,0,0,0,0,0,0,0,0,0,0,0,1,0,0,0,0,0,0,1,0,0,0,0,14,1,1,4,1,0,1,0,48,1,1
1,137,196,0,1,0,0,0,0,0,0,0,0,1,0,0,0,0,0,0,0,0,0,0,0,0,1,0,91,1,1,12,0,0,1,0,1,191,1
0,109,55,0,1,0,0,0,0,0,1,0,0,0,0,0,0,0,0,0,0,0,1,0,0,0,0,0,1,0,0,1,1,0,1,0,97,2,0
1,225,80,0,1,0,0,0,0,0,0,0,0,0,1,0,0,0,0,0,0,0,0,1,0,0,0,0,76,1,1,15,0,0,1,0,126,168,1
1,97,115,0,1,0,0,0,0,0,0,0,0,1,0,0,0,0,0,0,0,0,0,1,0,0,0,0,26,1,1,4,0,0,1,0,1,1,1
0,129,13,0,1,0,0,0,0,0,0,0,0,0,0,0,1,0,0,0,0,0,0,1,0,0,0,0,16,1,1,5,0,0,1,0,24,1,1
1,347,201,0,1,0,1,0,0,0,0,0,0,0,0,0,0,0,0,0,1,0,0,0,0,0,0,0,1,1,0,1,1,0,1,0,1,1,1
1,70,169,1,0,0,0,0,0,0,0,0,1,0,0,0,0,0,0,0,0,0,0,1,0,0,0,0,37,0,0,1,1,0,1,0,1,206,0
0,119,40,0,1,0,1,0,0,0,0,0,0,0,0,0,0,0,0,0,1,0,0,0,0,0,0,0,1,0,1,2,0,0,1,0,27,94,0
0,35,137,0,1,0,0,0,0,0,0,0,0,0,0,0,0,0,1,0,0,0,0,0,0,0,1,0,20,1,1,8,0,0,1,0,30,1,1
0,102,1,0,1,0,0,0,0,0,0,0,0,1,0,0,0,0,0,0,0,0,0,1,0,0,0,0,1,0,0,1,0,0,0,1,65,1,1
1,163,2,1,0,0,0,1,0,0,0,0,0,0,0,0,0,0,0,0,0,0,0,1,0,0,0,0,78,0,0,1,1,0,1,0,146,1,0
0,70,136,0,1,0,0,0,0,0,0,0,0,0,0,0,1,0,0,0,0,0,0,1,0,0,0,0,43,1,1,11,0,0,1,0,24,149,0
0,75,40,0,1,0,0,0,0,0,0,0,0,0,0,0,1,0,0,0,0,0,0,1,0,0,0,0,7,0,0,1,1,0,1,0,38,140,0
1,79,182,0,1,0,0,0,0,0,0,0,0,1,0,0,0,0,0,0,0,0,0,1,0,0,0,0,4,0,1,3,0,0,1,0,1,217,0
0,141,36,1,0,0,0,0,0,0,0,0,0,0,0,0,0,0,0,1,0,0,0,1,0,0,0,0,26,0,0,1,0,0,1,0,98,14,0
0,169,115,0,1,0,0,1,0,0,0,0,0,0,0,0,0,0,0,0,0,0,0,1,0,0,0,0,31,0,0,1,0,0,1,0,95,1,0
1,118,46,1,0,0,0,0,0,0,0,0,0,0,1,0,0,0,0,0,0,0,0,1,0,0,0,0,10,1,0,1,1,0,1,0,92,154,1
1,36,163,0,1,0,0,0,0,0,0,0,0,1,0,0,0,0,0,0,0,0,0,0,1,0,0,0,16,0,1,3,1,0,1,0,69,8,0
1,204,64,0,1,0,0,0,0,0,0,0,0,0,1,0,0,0,0,0,0,0,0,1,0,0,0,0,4,0,1,3,0,0,1,0,77,2,0
1,32,1,0,1,0,0,0,0,0,0,0,0,0,0,0,1,0,0,0,0,0,0,1,0,0,0,0,18,0,0,1,0,0,1,0,53,2,0
0,136,85,0,1,0,0,0,0,0,0,0,0,1,0,0,0,0,0,0,0,0,0,1,0,0,0,0,28,1,1,2,1,0,1,0,121,1,1
1,192,92,0,1,0,0,0,1,0,0,0,0,0,0,0,0,0,0,0,0,0,0,0,1,0,0,0,71,1,1,3,0,0,1,0,96,126,1
0,182,73,1,0,0,0,0,0,0,0,1,0,0,0,0,0,0,0,0,0,0,0,1,0,0,0,0,47,0,0,1,0,0,1,0,63,1,0
1,310,147,0,1,0,0,0,0,0,0,0,0,0,0,1,0,0,0,0,0,0,0,1,0,0,0,0,112,1,1,6,0,0,1,0,1,1,1
1,98,33,0,1,0,0,0,0,0,0,1,0,0,0,0,0,0,0,0,0,0,0,1,0,0,0,0,14,0,0,1,0,0,1,0,69,1,0
1,174,59,1,0,0,0,0,0,1,0,0,0,0,0,0,0,0,0,0,1,0,0,0,0,0,0,0,1,0,0,1,0,0,1,0,38,1,0
0,53,102,1,0,0,1,0,0,0,0,0,0,0,0,0,0,0,0,0,1,0,0,0,0,0,0,0,1,0,0,1,0,0,1,0,1,1,0
0,319,198,0,1,0,0,0,0,0,1,0,0,0,0,0,0,0,0,0,1,0,0,0,0,0,0,0,1,1,1,16,0,0,1,0,1,87,1
1,172,6,1,0,0,0,0,0,0,0,0,0,1,0,0,0,0,0,0,0,0,0,0,0,0,1,0,71,1,1,2,1,0,1,0,139,225,1
0,48,174,0,1,0,0,0,0,0,0,0,0,1,0,0,0,0,0,0,0,0,0,0,0,0,1,0,96,1,0,1,0,0,1,0,111,1,1
0,150,109,0,1,0,0,0,0,1,0,0,0,0,0,0,0,0,0,0,0,0,0,1,0,0,0,0,93,0,0,1,1,1,0,0,32,1,0
0,91,23,0,1,0,0,0,0,0,0,1,0,0,0,0,0,0,0,0,0,0,0,0,0,0,1,0,43,1,0,1,0,0,1,0,131,1,0
1,78,166,0,1,0,0,0,0,0,0,0,0,0,0,0,0,0,0,1,0,0,0,0,0,0,1,0,13,1,1,2,0,0,1,0,32,1,1
0,163,167,0,1,0,1,0,0,0,0,0,0,0,0,0,0,0,0,0,1,0,0,0,0,0,0,0,1,0,0,1,0,0,1,0,65,215,0
0,173,18,0,1,0,0,0,0,0,0,0,0,0,0,0,0,0,1,0,0,0,0,1,0,0,0,0,2,1,0,1,0,0,1,0,141,230,1
1,85,46,0,1,0,0,1,0,0,0,0,0,0,0,0,0,0,0,0,0,0,0,0,0,0,1,0,45,1,1,7,0,0,1,0,69,98,1
1,214,5,1,0,0,0,0,0,0,0,0,0,1,0,0,0,0,0,0,0,0,0,1,0,0,0,0,37,0,0,1,1,0,1,0,84,55,1
1,145,40,1,0,0,0,0,0,1,0,0,0,0,0,0,0,0,0,0,0,0,0,1,0,0,0,0,7,0,0,1,0,0,1,0,79,1,0
0,86,17,0,1,0,0,0,0,0,0,0,0,0,0,0,1,0,0,0,0,0,0,0,0,0,1,0,31,1,1,2,0,0,1,0,1,128,1
1,54,10,1,0,0,0,0,0,0,0,0,0,1,0,0,0,0,0,0,0,0,0,0,0,0,1,0,7,0,0,1,0,0,1,0,98,78,0
1,162,197,0,1,0,0,0,0,0,0,0,0,1,0,0,0,0,0,0,0,0,0,1,0,0,0,0,14,1,0,1,0,0,1,0,38,1,0
1,74,73,0,1,0,0,0,0,0,0,0,1,0,0,0,0,0,0,0,0,0,0,1,0,0,0,0,32,1,1,2,0,0,1,0,92,139,1
1,218,52,1,0,0,0,0,0,0,0,0,0,1,0,0,0,0,0,0,0,0,0,0,1,0,0,0,7,1,0,1,1,0,1,0,55,109,0
0,93,95,0,1,0,0,0,0,0,0,0,0,0,1,0,0,0,0,0,0,0,0,1,0,0,0,0,26,0,0,1,1,0,1,0,117,7,0
1,209,86,0,1,0,0,0,0,0,0,0,0,0,1,0,0,0,0,0,0,0,0,1,0,0,0,0,29,1,0,1,1,0,1,0,69,1,0
0,278,26,0,1,0,0,0,0,0,0,0,0,0,0,0,1,0,0,0,0,0,0,0,0,0,1,0,63,1,1,2,0,0,1,0,110,145,1
1,170,87,1,0,0,0,0,0,0,0,0,0,0,0,0,0,0,1,0,0,0,0,1,0,0,0,0,37,0,0,1,1,0,1,0,38,1,0
0,154,161,0,1,0,0,0,0,0,0,0,0,0,0,0,1,0,0,0,0,0,0,0,0,0,1,0,3,0,1,13,1,0,1,0,41,4,0
1,126,47,0,1,0,0,0,0,0,0,0,0,0,1,0,0,0,0,0,0,0,0,1,0,0,0,0,74,1,1,6,1,0,1,0,32,4,1
1,314,197,0,1,0,0,0,0,0,0,0,0,0,0,1,0,0,0,0,0,0,0,0,0,0,0,1,1,1,1,20,0,0,1,0,50,60,0
1,7,26,0,1,0,0,0,0,0,0,0,0,1,0,0,0,0,0,0,0,0,0,1,0,0,0,0,43,1,1,6,1,0,1,0,115,130,1
1,91,180,0,1,0,0,0,0,0,0,0,0,0,1,0,0,0,0,0,0,0,0,1,0,0,0,0,24,1,0,1,1,0,1,0,92,1,0
1,175,109,0,1,0,0,0,0,0,0,0,0,0,0,0,1,0,0,0,0,0,0,0,0,0,1,0,93,1,1,13,1,0,1,0,132,150,1
1,149,17,0,1,0,0,0,0,0,0,0,0,1,0,0,0,0,0,0,0,0,0,1,0,0,0,0,43,1,1,12,0,0,1,0,10,118,1
1,67,16,0,1,0,0,0,0,1,0,0,0,0,0,0,0,0,0,0,0,0,0,1,0,0,0,0,4,0,0,1,1,0,1,0,98,38,0
1,251,32,0,1,0,0,0,0,0,0,0,0,0,0,0,0,0,0,1,0,0,0,1,0,0,0,0,58,1,0,1,0,0,1,0,153,125,1
1,213,55,0,1,0,0,0,1,0,0,0,0,0,0,0,0,0,0,0,0,0,0,1,0,0,0,0,7,0,0,1,1,0,1,0,78,1,0
1,105,184,0,1,0,0,0,0,0,0,0,0,0,0,0,0,0,1,0,0,0,0,1,0,0,0,0,14,0,0,1,0,0,1,0,1,3,0
1,146,54,0,1,0,0,0,0,0,0,0,0,1,0,0,0,0,0,0,0,0,0,0,0,0,1,0,80,1,0,1,0,0,1,0,92,77,1
1,43,10,0,1,0,0,0,0,0,0,0,0,0,0,0,1,0,0,0,0,0,0,1,0,0,0,0,4,0,0,1,0,0,1,0,69,1,0
1,40,13,0,1,0,0,0,0,0,0,0,0,0,0,0,1,0,0,0,0,0,0,1,0,0,0,0,47,1,1,3,1,0,1,0,24,1,1
1,300,2,0,1,0,0,0,0,0,0,0,0,0,0,0,0,0,0,1,0,0,0,0,0,0,1,0,2,1,0,1,0,0,1,0,1,200,1
1,337,123,0,1,0,0,0,0,0,0,0,0,0,0,1,0,0,0,0,0,0,0,0,0,0,0,1,1,0,0,1,0,0,1,0,1,13,0
1,242,79,0,1,0,0,0,0,0,0,0,1,0,0,0,0,0,0,0,0,0,0,1,0,0,0,0,73,0,0,1,1,1,0,0,131,1,0
0,10,9,0,1,0,0,0,0,0,0,1,0,0,0,0,0,0,0,0,0,0,0,1,0,0,0,0,4,0,0,1,0,0,1,0,69,2,0
1,141,19,0,1,0,0,0,0,0,0,0,0,0,1,0,0,0,0,0,0,0,0,1,0,0,0,0,8,0,1,2,0,0,1,0,111,198,0
1,188,95,0,1,0,0,0,0,0,0,1,0,0,0,0,0,0,0,0,0,0,0,1,0,0,0,0,26,1,0,1,1,0,1,0,86,1,0
0,346,1,0,1,0,0,0,0,0,0,0,0,1,0,0,0,0,0,0,0,0,0,1,0,0,0,0,1,0,0,1,0,0,0,1,65,1,1
1,253,8,0,1,0,0,0,1,0,0,0,0,0,0,0,0,0,0,0,0,0,0,0,0,0,1,0,88,1,0,1,0,0,1,0,131,1,1
0,70,164,1,0,0,0,0,0,0,0,0,0,0,0,0,1,0,0,0,0,0,0,1,0,0,0,0,65,1,0,1,1,0,1,0,94,1,0
1,89,55,0,1,0,0,0,0,0,0,0,0,0,0,1,0,0,0,0,0,1,0,0,0,0,0,0,5,0,1,3,0,0,1,0,107,166,0
1,267,17,0,1,0,0,0,1,0,0,0,0,0,0,0,0,0,0,0,0,0,0,0,0,0,1,0,85,1,0,1,1,0,1,0,107,1,1
0,76,173,0,1,0,0,0,0,0,0,0,0,0,0,0,0,0,0,1,0,0,0,0,0,0,1,0,14,1,1,3,1,0,1,0,102,119,1
1,192,42,0,1,0,0,0,1,0,0,0,0,0,0,0,0,0,0,0,0,0,0,0,1,0,0,0,4,0,0,1,1,0,1,0,141,210,0
1,77,169,0,1,0,0,0,1,0,0,0,0,0,0,0,0,0,0,0,0,0,0,1,0,0,0,0,73,1,1,10,0,0,1,0,17,134,1
1,106,30,0,1,0,0,0,0,1,0,0,0,0,0,0,0,0,0,0,0,0,0,1,0,0,0,0,10,0,1,3,1,0,1,0,60,4,0
0,18,139,0,1,0,0,0,0,0,0,1,0,0,0,0,0,0,0,0,0,0,0,1,0,0,0,0,34,1,0,1,1,0,1,0,1,1,1
1,47,36,0,1,0,0,0,0,0,0,0,0,0,0,0,1,0,0,0,0,0,0,1,0,0,0,0,37,0,0,1,0,0,1,0,34,8,0
1,165,199,0,1,0,0,1,0,0,0,0,0,0,0,0,0,0,0,0,0,0,0,1,0,0,0,0,65,1,1,10,0,0,1,0,87,133,1
0,325,55,0,1,0,1,0,0,0,0,0,0,0,0,0,0,0,0,0,1,0,0,0,0,0,0,0,99,0,1,2,0,0,1,0,1,11,0
1,332,47,0,1,0,0,0,0,0,0,0,0,0,0,0,1,0,0,0,0,0,0,1,0,0,0,0,4,1,0,1,1,0,1,0,92,1,1
0,340,192,0,1,0,1,0,0,0,0,0,0,0,0,0,0,0,0,0,1,0,0,0,0,0,0,0,1,1,1,12,1,0,1,0,1,171,1
1,148,34,1,0,0,0,0,1,0,0,0,0,0,0,0,0,0,0,0,0,0,0,0,1,0,0,0,14,1,1,11,1,0,1,0,43,27,0
1,289,119,0,1,0,0,0,0,0,0,0,0,0,0,0,1,0,0,0,0,0,0,0,0,0,1,0,96,1,0,1,1,0,1,0,114,1,1
0,83,169,1,0,0,0,0,0,1,0,0,0,0,0,0,0,0,0,0,0,0,0,0,0,0,1,0,65,0,0,1,1,0,1,0,3,17,0
1,44,141,0,1,0,0,0,0,0,0,0,0,1,0,0,0,0,0,0,0,0,0,1,0,0,0,0,41,1,1,4,1,0,1,0,11,27,1
1,285,130,0,1,0,0,0,0,0,0,0,0,0,1,0,0,0,0,0,0,0,0,0,0,0,1,0,127,1,1,13,0,0,1,0,1,138,1
1,79,46,0,1,0,0,0,0,0,0,0,0,0,0,0,1,0,0,0,0,0,0,1,0,0,0,0,55,1,1,4,1,0,1,0,1,122,1
1,172,192,1,0,0,1,0,0,0,0,0,0,0,0,0,0,0,0,0,1,0,0,0,0,0,0,0,1,0,1,3,0,0,1,0,53,2,0
1,184,12,1,0,0,0,0,0,0,0,0,0,0,0,0,0,0,1,0,0,0,0,1,0,0,0,0,3,0,0,1,0,0,1,0,63,1,0
1,83,16,1,0,0,0,0,0,0,0,0,0,0,1,0,0,0,0,0,0,0,0,1,0,0,0,0,61,1,1,7,1,0,1,0,72,100,0
1,12,12,1,0,0,0,0,0,1,0,0,0,0,0,0,0,0,0,0,0,0,0,1,0,0,0,0,8,0,0,1,0,1,0,0,69,1,0
0,51,136,0,1,0,0,0,0,0,0,0,0,1,0,0,0,0,0,0,0,0,0,1,0,0,0,0,5,0,0,1,0,0,1,0,1,102,0
0,334,200,0,1,0,0,0,0,0,0,0,0,0,0,0,1,0,0,0,0,0,0,1,0,0,0,0,117,1,0,1,1,0,1,0,4,229,1
1,163,102,1,0,0,0,0,0,0,0,1,0,0,0,0,0,0,0,0,0,0,0,1,0,0,0,0,110,1,0,1,0,0,1,0,1,1,0
0,95,178,0,1,0,0,0,0,0,0,0,0,0,0,0,0,0,1,0,0,0,0,0,0,0,1,0,73,1,1,7,0,0,1,0,131,112,1
1,58,148,0,1,0,0,0,0,0,0,0,0,1,0,0,0,0,0,0,0,0,0,1,0,0,0,0,7,1,0,1,0,0,1,0,45,1,0
1,47,1,0,1,0,0,0,0,0,0,0,0,1,0,0,0,0,0,0,0,0,0,1,0,0,0,0,1,0,0,1,0,0,0,1,65,1,0
0,98,187,1,0,0,1,0,0,0,0,0,0,0,0,0,0,0,0,0,1,0,0,0,0,0,0,0,47,0,1,2,1,0,1,0,69,2,0
1,259,97,0,1,0,0,0,0,0,0,0,0,0,0,0,1,0,0,0,0,0,0,1,0,0,0,0,82,1,0,1,0,1,0,0,1,1,1
1,114,52,1,0,0,0,0,0,0,0,0,0,1,0,0,0,0,0,0,0,0,0,1,0,0,0,0,26,1,1,6,1,0,1,0,53,218,1
1,326,124,0,1,0,0,0,0,0,0,0,1,0,0,0,0,0,0,0,0,0,0,1,0,0,0,0,124,1,1,7,1,0,1,0,117,167,1
1,316,169,0,1,0,1,0,0,0,0,0,0,0,0,0,0,0,0,0,1,0,0,0,0,0,0,0,85,1,1,6,0,0,1,0,1,226,1
1,299,151,0,1,0,0,0,1,0,0,0,0,0,0,0,0,0,0,0,0,0,0,0,1,0,0,0,1,1,1,12,0,0,1,0,1,163,1
1,237,17,0,1,0,0,0,0,0,0,0,1,0,0,0,0,0,0,0,0,0,0,1,0,0,0,0,7,1,0,1,0,1,0,0,99,1,0
1,123,56,1,0,0,0,0,0,0,0,1,0,0,0,0,0,0,0,0,0,0,0,1,0,0,0,0,47,1,1,4,1,0,1,0,120,120,1
1,149,119,0,1,0,0,0,0,0,0,0,0,0,0,0,0,0,1,0,0,0,0,1,0,0,0,0,68,1,1,9,0,0,1,0,109,158,1
1,302,56,1,0,0,1,0,0,0,0,0,0,0,0,0,0,0,0,0,1,0,0,0,0,0,0,0,37,0,0,1,0,0,1,0,38,2,0
0,95,164,1,0,0,0,0,0,0,0,1,0,0,0,0,0,0,0,0,0,0,0,1,0,0,0,0,81,1,0,1,0,0,1,0,38,1,0
1,143,26,1,0,0,0,0,0,0,0,0,0,1,0,0,0,0,0,0,0,0,0,1,0,0,0,0,2,0,0,1,0,0,1,0,86,1,0
0,185,13,0,1,0,0,0,0,0,0,0,0,0,0,0,0,0,1,0,0,0,0,1,0,0,0,0,10,0,0,1,0,0,1,0,102,35,1
1,104,26,0,1,0,0,0,0,0,0,0,0,1,0,0,0,0,0,0,0,0,0,0,1,0,0,0,7,1,0,1,0,0,1,0,113,24,1
0,135,34,0,1,0,0,0,0,0,0,0,0,1,0,0,0,0,0,0,0,0,0,1,0,0,0,0,58,1,1,6,1,0,1,0,102,172,1
0,23,13,0,0,1,0,0,0,0,0,0,0,0,0,0,0,0,1,0,1,0,0,0,0,0,0,0,115,0,0,1,1,1,0,0,102,1,1
1,47,123,0,1,0,0,0,0,0,0,0,0,1,0,0,0,0,0,0,0,0,0,1,0,0,0,0,40,1,1,4,0,0,1,0,69,170,1
1,17,209,0,0,1,1,0,0,0,0,0,0,0,0,0,0,0,0,0,0,0,0,0,0,1,0,0,1,0,0,1,1,0,0,1,143,240,1
1,23,122,1,0,0,0,0,0,0,0,0,1,0,0,0,0,0,0,0,0,0,0,1,0,0,0,0,2,0,0,1,0,0,1,0,45,1,0
1,281,66,0,1,0,0,0,0,0,0,0,1,0,0,0,0,0,0,0,0,0,0,0,1,0,0,0,58,1,1,13,1,0,1,0,133,195,1
1,324,136,0,1,0,0,0,0,0,0,0,0,0,0,1,0,0,0,0,0,0,0,0,0,0,1,0,101,1,1,4,0,0,1,0,1,1,1
1,1,87,1,0,0,0,0,0,0,0,0,0,0,1,0,0,0,0,0,0,0,0,1,0,0,0,0,43,1,1,3,1,0,1,0,38,150,1
1,36,144,0,1,0,0,0,0,0,0,0,0,0,0,0,1,0,0,0,0,0,0,1,0,0,0,0,26,1,0,1,1,0,1,0,18,109,1
0,63,172,0,1,0,0,0,0,1,0,0,0,0,0,0,0,0,0,0,0,0,0,0,0,0,1,0,3,0,0,1,0,0,1,0,107,6,0
1,18,151,0,1,0,0,0,0,0,0,0,0,0,1,0,0,0,0,0,0,0,0,0,0,0,1,0,5,0,1,2,0,0,1,0,38,2,0
1,197,66,1,0,0,0,0,0,0,0,0,0,0,1,0,0,0,0,0,0,0,0,1,0,0,0,0,65,0,0,1,0,1,0,0,69,1,0
1,138,82,0,1,0,0,0,0,0,0,0,0,0,1,0,0,0,0,0,0,0,0,1,0,0,0,0,73,1,1,4,1,0,1,0,108,1,0
1,57,26,1,0,0,0,0,0,0,0,0,0,0,0,0,0,1,0,0,0,0,0,0,0,1,0,0,20,0,0,1,1,0,1,0,43,3,0
1,24,156,0,1,0,0,0,0,0,0,0,0,1,0,0,0,0,0,0,0,0,0,0,0,0,1,0,28,0,0,1,0,0,1,0,107,14,0
1,127,73,0,1,0,0,0,0,0,0,0,0,0,1,0,0,0,0,0,0,0,0,1,0,0,0,0,20,0,0,1,1,0,1,0,102,42,0
0,272,160,0,1,0,0,0,0,0,0,0,0,0,0,0,1,0,0,0,0,0,0,1,0,0,0,0,85,1,1,8,1,0,1,0,1,1,1
1,73,169,0,1,0,0,0,1,0,0,0,0,0,0,0,0,0,0,0,0,0,0,1,0,0,0,0,11,0,0,1,0,0,1,0,1,1,0
0,163,82,0,1,0,0,1,0,0,0,0,0,0,0,0,0,0,0,0,0,0,0,1,0,0,0,0,65,1,0,1,1,0,1,0,102,1,0
0,47,127,0,1,0,0,0,0,1,0,0,0,0,0,0,0,0,0,0,0,0,0,1,0,0,0,0,37,1,1,2,0,0,1,0,53,83,1
0,55,63,0,1,0,0,0,1,0,0,0,0,0,0,0,0,0,0,0,0,0,0,0,1,0,0,0,14,1,1,5,0,1,0,0,24,1,1
1,114,92,0,1,0,0,0,0,0,0,0,0,0,0,0,0,0,1,0,0,0,0,1,0,0,0,0,79,1,1,2,1,0,1,0,38,1,1
0,121,50,0,1,0,1,0,0,0,0,0,0,0,0,0,0,0,0,0,1,0,0,0,0,0,0,0,1,0,0,1,0,0,1,0,111,2,0
1,254,34,0,1,0,0,0,0,0,0,0,0,0,1,0,0,0,0,0,0,0,0,1,0,0,0,0,85,1,1,7,1,0,1,0,152,228,1
0,25,151,0,1,0,0,0,0,0,0,0,0,0,1,0,0,0,0,0,0,0,0,1,0,0,0,0,26,0,1,2,0,0,1,0,38,2,0
0,133,33,0,1,0,0,0,0,0,0,0,0,0,0,0,1,0,0,0,0,0,0,1,0,0,0,0,26,1,1,3,1,0,1,0,56,115,0
0,58,115,0,1,0,0,0,0,0,0,1,0,0,0,0,0,0,0,0,0,0,0,1,0,0,0,0,58,1,1,4,0,0,1,0,24,146,1
1,62,164,0,1,0,0,0,0,0,0,0,0,0,0,0,0,0,0,1,0,0,0,1,0,0,0,0,8,1,1,7,0,0,1,0,39,1,1
1,63,17,0,1,0,0,0,0,0,0,0,0,1,0,0,0,0,0,0,0,0,0,1,0,0,0,0,4,0,0,1,0,0,1,0,117,1,0
1,175,139,1,0,0,0,0,0,0,0,0,0,0,1,0,0,0,0,0,0,0,0,0,0,0,1,0,90,1,0,1,1,0,1,0,51,1,1
0,271,33,0,1,0,0,0,0,0,0,0,0,0,0,0,1,0,0,0,0,0,0,1,0,0,0,0,4,0,0,1,1,0,1,0,93,1,0
0,83,20,1,0,0,1,0,0,0,0,0,0,0,0,0,0,0,0,0,1,0,0,0,0,0,0,0,4,0,0,1,0,0,1,0,38,46,0
0,21,18,0,1,0,0,0,0,0,0,0,0,1,0,0,0,0,0,0,0,0,0,1,0,0,0,0,43,0,1,2,1,0,1,0,24,6,0
1,179,66,1,0,0,0,0,0,0,0,0,0,0,1,0,0,0,0,0,0,0,0,1,0,0,0,0,101,0,0,1,1,0,1,0,98,1,0
0,72,12,0,1,0,0,0,0,0,0,0,0,0,0,0,1,0,0,0,0,0,0,1,0,0,0,0,20,0,0,1,0,1,0,0,53,1,0
1,195,35,0,1,0,0,0,0,0,0,0,1,0,0,0,0,0,0,0,0,0,0,1,0,0,0,0,29,0,0,1,0,1,0,0,7,1,0
1,143,44,0,1,0,0,0,0,0,0,0,0,0,1,0,0,0,0,0,0,0,0,0,0,0,1,0,20,1,1,2,0,0,1,0,86,50,1
1,167,66,0,1,0,0,0,0,0,0,1,0,0,0,0,0,0,0,0,0,0,0,1,0,0,0,0,104,1,0,1,1,0,1,0,157,1,0
0,49,54,0,1,0,0,0,0,0,0,0,0,0,0,0,1,0,0,0,0,0,0,1,0,0,0,0,49,1,1,6,0,0,1,0,77,194,1
1,186,70,0,1,0,0,0,1,0,0,0,0,0,0,0,0,0,0,0,0,0,0,0,1,0,0,0,1,0,0,1,0,0,1,0,63,1,0
1,65,28,0,1,0,0,0,0,0,0,0,0,1,0,0,0,0,0,0,0,0,0,0,0,0,1,0,51,0,0,1,1,0,1,0,40,1,1
0,202,175,0,1,0,0,0,0,0,0,0,0,0,0,0,1,0,0,0,0,0,0,0,0,0,1,0,124,1,1,9,0,0,1,0,1,221,1
1,168,94,0,1,0,0,0,0,0,0,0,0,0,0,0,0,0,1,0,0,0,0,0,0,0,1,0,97,1,1,4,0,0,1,0,105,94,1
0,72,27,0,1,0,0,0,1,0,0,0,0,0,0,0,0,0,0,0,0,0,0,1,0,0,0,0,3,0,0,1,0,0,1,0,47,1,0
1,114,194,0,1,0,0,0,1,0,0,0,0,0,0,0,0,0,0,0,0,0,0,0,1,0,0,0,1,0,0,1,1,0,1,0,62,1,0
1,264,55,0,1,0,0,0,0,0,0,0,1,0,0,0,0,0,0,0,0,0,0,1,0,0,0,0,43,1,1,3,1,0,1,0,1,16,1
1,149,36,1,0,0,0,0,0,0,0,0,0,1,0,0,0,0,0,0,0,0,0,1,0,0,0,0,2,0,0,1,0,0,1,0,58,73,0
1,220,123,0,1,0,0,0,0,0,0,0,0,0,0,0,1,0,0,0,0,0,0,0,0,0,1,0,118,1,1,8,1,0,1,0,102,6,0
1,13,4,1,0,0,0,0,0,0,0,0,0,1,0,0,0,0,0,0,0,0,0,1,0,0,0,0,2,0,0,1,0,0,1,0,45,132,0
1,292,62,0,1,0,1,0,0,0,0,0,0,0,0,0,0,0,0,0,1,0,0,0,0,0,0,0,8,0,0,1,0,0,1,0,69,4,0
1,75,7,0,1,0,0,0,0,0,0,0,1,0,0,0,0,0,0,0,0,0,0,1,0,0,0,0,3,0,0,1,0,1,0,0,1,1,0
0,197,40,1,0,0,0,0,1,0,0,0,0,0,0,0,0,0,0,0,0,0,0,0,0,0,1,0,14,0,0,1,1,0,1,0,53,1,0
1,266,164,1,0,0,0,1,0,0,0,0,0,0,0,0,0,0,0,0,0,0,0,1,0,0,0,0,37,1,0,1,0,1,0,0,1,1,0
1,331,70,0,1,0,0,0,0,0,0,0,0,0,1,0,0,0,0,0,0,0,0,1,0,0,0,0,43,1,1,6,1,0,1,0,18,39,1
1,101,13,0,1,0,0,0,0,0,0,0,1,0,0,0,0,0,0,0,0,0,0,1,0,0,0,0,7,1,1,4,0,0,1,0,92,234,1
0,250,34,0,1,0,0,0,0,0,0,1,0,0,0,0,0,0,0,0,0,0,0,1,0,0,0,0,18,0,0,1,0,0,1,0,86,84,0
1,294,204,0,1,0,1,0,0,0,0,0,0,0,0,0,0,0,0,0,1,0,0,0,0,0,0,0,1,1,1,2,0,0,1,0,29,1,0
0,187,48,1,0,0,1,0,0,0,0,0,0,0,0,0,0,0,0,0,1,0,0,0,0,0,0,0,1,1,0,1,0,0,1,0,107,1,0
1,35,87,1,0,0,0,0,1,0,0,0,0,0,0,0,0,0,0,0,0,0,0,1,0,0,0,0,26,0,0,1,1,0,1,0,117,150,0
0,90,64,1,0,0,0,0,0,0,0,0,0,1,0,0,0,0,0,0,0,0,0,1,0,0,0,0,1,0,0,1,0,0,1,0,38,1,0
1,80,46,0,1,0,0,0,0,0,0,0,0,1,0,0,0,0,0,0,0,0,0,0,0,0,1,0,35,1,0,1,0,0,1,0,137,77,1
1,344,139,0,1,0,1,0,0,0,0,0,0,0,0,0,0,0,0,0,1,0,0,0,0,0,0,0,76,0,1,2,0,0,1,0,20,7,0
1,281,11,0,1,0,0,0,0,0,0,0,0,1,0,0,0,0,0,0,0,0,0,0,1,0,0,0,126,1,1,20,0,0,1,0,1,233,1
0,182,66,1,0,0,0,0,0,0,0,0,0,1,0,0,0,0,0,0,0,0,0,1,0,0,0,0,58,0,0,1,1,0,1,0,1,3,0
1,263,73,0,1,0,0,0,0,0,0,0,0,0,0,0,1,0,0,0,0,0,0,0,0,0,1,0,96,1,1,12,0,0,1,0,24,1,1
1,76,21,1,0,0,0,0,0,0,0,1,0,0,0,0,0,0,0,0,0,0,0,1,0,0,0,0,4,1,0,1,0,0,1,0,63,2,0
1,196,66,0,1,0,0,0,0,0,0,0,0,0,0,0,0,0,1,0,0,0,0,0,1,0,0,0,14,0,0,1,0,0,1,0,112,1,0
1,320,203,0,1,0,0,1,0,0,0,0,0,0,0,0,0,0,0,0,0,0,0,0,1,0,0,0,126,1,1,18,1,0,1,0,1,1,1
0,265,121,0,1,0,0,0,0,0,0,0,0,0,0,0,1,0,0,0,0,0,0,1,0,0,0,0,102,1,1,4,1,0,1,0,1,1,1
0,267,1,0,1,0,0,0,0,0,0,0,0,1,0,0,0,0,0,0,0,0,0,1,0,0,0,0,58,1,0,1,0,0,1,0,1,1,1
1,191,52,0,1,0,0,0,0,0,0,0,0,0,1,0,0,0,0,0,0,0,0,0,1,0,0,0,7,1,0,1,1,0,1,0,54,1,0
0,269,96,0,1,0,0,0,0,1,0,0,0,0,0,0,0,0,0,0,0,0,0,0,0,0,1,0,26,0,0,1,1,1,0,0,86,1,0
1,154,69,1,0,0,0,0,0,0,0,0,1,0,0,0,0,0,0,0,0,0,0,1,0,0,0,0,4,0,0,1,1,1,0,0,24,1,0
1,124,26,0,1,0,0,0,0,0,0,0,0,0,0,0,1,0,0,0,0,0,0,0,0,0,1,0,5,0,0,1,1,0,1,0,77,88,0
1,37,126,0,1,0,0,0,0,0,0,0,1,0,0,0,0,0,0,0,0,0,0,1,0,0,0,0,2,0,1,2,0,0,1,0,32,2,0
0,247,33,0,1,0,0,0,1,0,0,0,0,0,0,0,0,0,0,0,0,0,0,0,1,0,0,0,52,1,0,1,1,0,1,0,1,94,1
0,82,46,0,1,0,0,0,0,0,0,0,0,0,1,0,0,0,0,0,0,0,0,1,0,0,0,0,24,0,0,1,1,0,1,0,53,1,0
1,165,28,0,1,0,0,0,0,0,0,0,0,0,0,0,0,0,0,1,0,0,0,1,0,0,0,0,33,1,1,9,1,0,1,0,103,203,1
0,20,164,0,1,0,0,0,0,0,0,0,0,0,0,0,0,0,0,1,0,0,0,0,0,0,1,0,26,1,1,12,0,0,1,0,1,200,1
0,181,61,1,0,0,0,0,0,0,0,0,0,0,0,0,0,0,1,0,0,0,0,1,0,0,0,0,73,0,0,1,1,0,1,0,69,63,0
0,307,123,0,1,0,0,0,0,0,0,1,0,0,0,0,0,0,0,0,0,0,0,0,0,0,1,0,65,0,0,1,0,0,1,0,1,1,0
0,100,37,0,1,0,0,0,0,0,0,0,0,0,0,0,1,0,0,0,0,0,0,1,0,0,0,0,32,1,1,3,0,0,1,0,69,1,0
1,242,46,0,1,0,0,0,1,0,0,0,0,0,0,0,0,0,0,0,0,0,0,0,1,0,0,0,1,0,0,1,0,1,0,0,102,1,0
1,85,20,1,0,0,0,0,0,0,0,0,0,0,0,0,0,0,1,0,0,0,0,0,0,0,1,0,4,0,0,1,0,0,1,0,86,2,0
1,317,180,0,1,0,0,0,0,1,0,0,0,0,0,0,0,0,0,0,0,0,0,0,0,0,1,0,108,1,0,1,1,0,1,0,6,182,1
0,133,74,1,0,0,0,0,0,0,0,0,0,0,0,0,0,0,0,1,0,0,0,0,0,0,1,0,59,1,1,2,0,0,1,0,20,1,1
1,170,87,0,1,0,0,0,0,0,0,0,1,0,0,0,0,0,0,0,0,0,0,1,0,0,0,0,58,1,0,1,1,0,1,0,117,1,1
1,54,30,1,0,0,0,0,0,0,0,0,0,1,0,0,0,0,0,0,0,0,0,0,0,0,1,0,7,0,0,1,0,0,1,0,98,78,0
1,190,140,0,1,0,0,0,0,0,0,0,0,1,0,0,0,0,0,0,0,0,0,1,0,0,0,0,81,1,1,13,1,0,1,0,1,80,1
1,263,213,0,1,0,0,0,0,0,0,0,0,0,0,0,1,0,0,0,0,0,0,0,0,0,1,0,6,1,1,2,0,0,1,0,166,47,0
0,222,115,0,1,0,0,0,0,1,0,0,0,0,0,0,0,0,0,0,0,0,0,1,0,0,0,0,26,1,0,1,1,0,1,0,1,1,1
1,217,56,0,1,0,0,0,0,0,0,0,0,0,1,0,0,0,0,0,0,0,0,1,0,0,0,0,2,1,0,1,1,0,1,0,131,219,1
1,145,56,1,0,0,0,0,0,0,0,0,0,0,0,0,0,0,0,1,0,0,0,0,0,0,1,0,2,0,0,1,0,0,1,0,40,2,0
1,216,68,0,1,0,0,0,0,0,0,0,0,0,0,0,0,0,1,0,0,0,0,1,0,0,0,0,5,0,0,1,1,0,1,0,1,116,0
1,161,205,0,1,0,0,0,0,0,0,0,0,1,0,0,0,0,0,0,0,0,0,1,0,0,0,0,101,1,1,17,0,0,1,0,1,213,1
1,206,67,0,1,0,1,0,0,0,0,0,0,0,0,0,0,0,0,0,1,0,0,0,0,0,0,0,1,0,0,1,0,0,1,0,1,150,0
1,48,64,0,1,0,0,0,0,0,0,0,0,1,0,0,0,0,0,0,0,0,0,1,0,0,0,0,47,1,1,12,1,0,1,0,69,200,1
1,277,113,0,1,0,0,0,0,0,0,0,0,0,1,0,0,0,0,0,0,0,0,1,0,0,0,0,93,0,0,1,0,0,1,0,147,66,0
1,64,131,1,0,0,0,0,1,0,0,0,0,0,0,0,0,0,0,0,0,0,0,0,1,0,0,0,5,0,0,1,1,0,1,0,65,1,0
1,48,151,1,0,0,0,0,0,0,0,0,0,1,0,0,0,0,0,0,0,0,0,1,0,0,0,0,58,1,0,1,0,1,0,0,11,1,1
1,198,66,0,1,0,0,0,0,0,0,0,0,0,1,0,0,0,0,0,0,0,0,1,0,0,0,0,1,1,0,1,1,0,1,0,85,77,1
1,86,30,0,1,0,0,0,0,0,0,0,1,0,0,0,0,0,0,0,0,0,0,1,0,0,0,0,3,0,1,5,0,0,1,0,90,179,0
1,216,119,0,1,0,0,0,0,0,0,0,1,0,0,0,0,0,0,0,0,0,0,0,0,0,1,0,78,1,1,13,1,0,1,0,28,1,1
0,50,145,0,1,0,0,0,1,0,0,0,0,0,0,0,0,0,0,0,0,0,0,1,0,0,0,0,2,0,0,1,0,0,1,0,69,150,0
1,213,78,0,1,0,0,0,0,0,0,0,0,0,0,0,1,0,0,0,0,0,0,0,0,0,1,0,113,1,0,1,1,0,1,0,33,127,1
1,71,152,0,1,0,0,0,0,0,0,0,0,0,0,0,0,0,0,1,0,0,0,1,0,0,0,0,2,1,1,10,0,0,1,0,18,108,1
0,117,187,0,1,0,0,0,0,0,0,0,0,0,0,0,1,0,0,0,0,0,0,0,0,0,1,0,85,1,1,3,0,0,1,0,1,213,1
0,275,16,0,1,0,0,0,0,0,0,0,0,0,0,0,0,0,1,0,0,0,0,0,0,0,1,0,11,1,1,12,1,0,1,0,141,7,1
0,304,1,1,0,0,1,0,0,0,0,0,0,0,0,0,0,0,0,0,1,0,0,0,0,0,0,0,1,0,0,1,0,0,1,0,1,1,0
1,231,66,1,0,0,0,0,1,0,0,0,0,0,0,0,0,0,0,0,0,0,0,0,0,0,1,0,115,0,0,1,1,1,0,0,69,1,0
1,231,49,0,1,0,0,0,0,0,0,0,0,1,0,0,0,0,0,0,0,0,0,1,0,0,0,0,37,1,1,11,0,0,1,0,66,212,1
0,124,56,0,1,0,0,0,0,0,0,0,0,0,1,0,0,0,0,0,0,0,0,1,0,0,0,0,7,0,0,1,1,0,1,0,63,36,0
1,35,144,0,1,0,0,0,0,0,0,0,0,0,1,0,0,0,0,0,0,0,0,1,0,0,0,0,37,1,0,1,0,0,1,0,38,189,1
1,235,92,0,1,0,0,0,0,0,0,0,0,1,0,0,0,0,0,0,0,0,0,0,1,0,0,0,99,1,1,17,0,0,1,0,37,160,1
1,210,26,1,0,0,0,1,0,0,0,0,0,0,0,0,0,0,0,0,0,0,0,1,0,0,0,0,16,0,0,1,0,0,1,0,86,4,0
1,109,10,0,1,0,0,0,1,0,0,0,0,0,0,0,0,0,0,0,0,0,0,0,1,0,0,0,1,1,0,1,1,0,1,0,1,1,1
1,234,51,1,0,0,0,0,0,0,0,0,1,0,0,0,0,0,0,0,0,0,0,1,0,0,0,0,5,0,0,1,0,1,0,0,131,1,0
1,252,15,0,1,0,0,0,0,0,0,0,0,1,0,0,0,0,0,0,0,0,0,0,0,0,1,0,6,1,1,7,0,0,1,0,77,147,1
1,56,127,0,1,0,0,0,0,0,0,1,0,0,0,0,0,0,0,0,0,0,0,1,0,0,0,0,35,1,1,2,0,0,1,0,24,227,1
0,43,40,0,1,0,0,0,0,0,0,0,0,1,0,0,0,0,0,0,0,0,0,1,0,0,0,0,1,0,0,1,0,0,1,0,1,1,0
0,123,73,0,1,0,0,0,0,0,0,0,1,0,0,0,0,0,0,0,0,0,0,1,0,0,0,0,64,0,1,2,1,0,1,0,98,11,0
1,59,27,1,0,0,0,0,0,0,0,0,0,0,0,0,0,0,1,0,0,0,0,1,0,0,0,0,18,0,0,1,0,0,1,0,53,1,0
1,130,105,0,1,0,0,0,0,0,0,0,0,0,0,0,0,0,0,1,0,0,0,1,0,0,0,0,84,1,1,3,0,0,1,0,136,8,1
1,117,61,0,1,0,0,0,1,0,0,0,0,0,0,0,0,0,0,0,0,0,0,0,1,0,0,0,14,0,0,1,1,0,1,0,162,206,0
0,27,141,0,1,0,0,0,0,0,0,0,0,0,0,0,1,0,0,0,0,0,0,1,0,0,0,0,30,1,1,5,0,0,1,0,18,118,1
0,79,114,0,1,0,0,0,0,0,0,0,0,0,0,0,1,0,0,0,0,0,0,1,0,0,0,0,70,1,1,11,0,0,1,0,38,85,1
1,83,53,0,1,0,0,0,0,0,0,0,0,1,0,0,0,0,0,0,0,0,0,1,0,0,0,0,15,0,0,1,1,0,1,0,44,2,0
1,131,102,0,1,0,0,0,0,0,0,0,0,0,1,0,0,0,0,0,0,0,0,1,0,0,0,0,117,1,0,1,1,0,1,0,20,1,1
1,103,60,1,0,0,0,0,0,0,0,1,0,0,0,0,0,0,0,0,0,0,0,1,0,0,0,0,76,1,0,1,0,0,1,0,67,1,0
0,134,50,0,1,0,0,0,0,0,0,0,0,0,0,0,1,0,0,0,0,0,0,1,0,0,0,0,56,1,0,1,1,0,1,0,141,1,0
1,75,77,1,0,0,0,0,0,0,0,0,0,1,0,0,0,0,0,0,0,0,0,1,0,0,0,0,5,0,0,1,0,0,1,0,53,152,0
0,90,34,1,0,0,1,0,0,0,0,0,0,0,0,0,0,0,0,0,1,0,0,0,0,0,0,0,14,1,1,4,0,0,1,0,63,65,0
1,92,18,0,1,0,0,0,0,0,0,0,1,0,0,0,0,0,0,0,0,0,0,1,0,0,0,0,26,0,0,1,1,0,1,0,38,2,0
1,169,52,1,0,0,0,0,0,0,0,0,0,0,0,1,0,0,0,0,0,0,0,0,0,0,1,0,2,1,0,1,1,0,1,0,127,1,1
1,284,85,0,1,0,0,0,1,0,0,0,0,0,0,0,0,0,0,0,0,0,0,0,1,0,0,0,26,0,0,1,0,0,1,0,32,3,0
0,132,82,0,1,0,0,0,0,0,0,0,0,0,1,0,0,0,0,0,0,0,0,1,0,0,0,0,23,1,0,1,0,1,0,0,98,1,1
1,100,18,0,1,0,0,0,0,0,0,0,0,0,1,0,0,0,0,0,0,0,0,1,0,0,0,0,5,0,1,2,0,0,1,0,95,110,0
1,29,157,0,1,0,1,0,0,0,0,0,0,0,0,0,0,0,0,0,1,0,0,0,0,0,0,0,11,0,0,1,0,0,1,0,24,1,0
1,60,38,1,0,0,0,0,0,1,0,0,0,0,0,0,0,0,0,0,0,0,0,1,0,0,0,0,58,1,1,2,0,0,1,0,63,21,0
1,91,40,0,1,0,0,0,0,0,0,0,0,1,0,0,0,0,0,0,0,0,0,1,0,0,0,0,7,0,0,1,0,0,1,0,35,1,0
1,10,89,0,1,0,0,0,1,0,0,0,0,0,0,0,0,0,0,0,0,0,0,0,0,0,1,0,11,0,0,1,1,0,1,0,38,1,0
1,115,55,0,1,0,0,1,0,0,0,0,0,0,0,0,0,0,0,0,0,0,0,1,0,0,0,0,20,0,0,1,1,0,1,0,24,1,0
1,285,82,0,1,0,0,0,0,0,0,1,0,0,0,0,0,0,0,0,0,0,0,1,0,0,0,0,73,1,0,1,0,1,0,0,82,1,1
1,82,70,0,1,0,1,0,0,0,0,0,0,0,0,0,0,0,0,0,1,0,0,0,0,0,0,0,81,0,0,1,0,0,1,0,53,25,0
0,245,56,1,0,0,0,0,0,0,0,0,0,0,0,0,1,0,0,0,0,0,0,0,0,0,1,0,4,1,1,21,1,0,1,0,145,162,1
1,200,212,0,1,0,0,0,0,0,0,0,0,0,0,0,0,0,0,1,0,0,0,0,0,0,1,0,40,1,1,2,1,0,1,0,154,115,1
1,84,175,0,1,0,0,0,0,0,0,0,0,1,0,0,0,0,0,0,0,0,0,1,0,0,0,0,49,0,0,1,0,1,0,0,24,1,0
1,30,102,0,1,0,0,0,0,0,0,0,0,0,0,0,1,0,0,0,0,0,0,1,0,0,0,0,10,1,1,3,0,0,1,0,1,31,0
1,151,17,0,1,0,0,1,0,0,0,0,0,0,0,0,0,0,0,0,0,0,0,0,0,0,1,0,3,0,0,1,1,1,0,0,88,1,0
0,41,26,0,1,0,0,0,0,0,0,0,0,1,0,0,0,0,0,0,0,0,0,1,0,0,0,0,22,1,1,6,1,0,1,0,45,6,0
1,109,29,0,1,0,0,0,0,0,0,0,0,0,0,0,0,0,1,0,0,0,0,1,0,0,0,0,29,0,0,1,0,0,1,0,32,1,0
1,136,46,1,0,0,0,0,0,0,0,0,0,1,0,0,0,0,0,0,0,0,0,1,0,0,0,0,37,1,0,1,1,0,1,0,1,81,0
1,135,142,0,1,0,0,0,0,0,0,0,0,0,0,0,1,0,0,0,0,0,0,0,0,0,1,0,94,1,1,7,0,0,1,0,125,71,1
1,107,33,0,1,0,0,0,0,0,0,0,0,0,0,0,1,0,0,0,0,0,0,1,0,0,0,0,43,1,0,1,1,0,1,0,98,1,1
1,82,77,1,0,0,0,0,0,1,0,0,0,0,0,0,0,0,0,0,0,0,0,1,0,0,0,0,11,0,1,2,1,0,1,0,98,45,0
1,111,185,0,1,0,0,0,0,0,0,0,0,0,0,1,0,0,0,0,0,1,0,0,0,0,0,0,1,0,0,1,1,0,1,0,45,156,0
1,311,122,0,1,0,0,0,0,0,0,0,0,1,0,0,0,0,0,0,0,0,0,0,0,0,1,0,61,1,1,12,1,0,1,0,1,92,1
1,163,13,0,1,0,0,1,0,0,0,0,0,0,0,0,0,0,0,0,0,0,0,1,0,0,0,0,24,1,0,1,1,1,0,0,168,1,0
0,98,180,0,1,0,0,1,0,0,0,0,0,0,0,0,0,0,0,0,0,0,0,1,0,0,0,0,26,0,0,1,1,0,1,0,63,153,0
1,181,77,1,0,0,0,0,0,0,0,0,0,0,0,0,0,0,0,1,0,0,0,1,0,0,0,0,69,1,1,4,1,0,1,0,124,1,1
1,235,49,0,1,0,0,0,0,0,0,0,0,1,0,0,0,0,0,0,0,0,0,1,0,0,0,0,37,0,0,1,0,0,1,0,1,96,0
0,19,1,1,0,0,0,0,0,0,1,0,0,0,0,0,0,0,0,0,1,0,0,0,0,0,0,0,1,0,0,1,0,0,1,0,25,1,0
1,85,22,0,1,0,0,0,0,0,0,0,0,1,0,0,0,0,0,0,0,0,0,1,0,0,0,0,5,0,0,1,0,0,1,0,32,1,1
1,114,69,1,0,0,0,0,0,0,0,0,0,0,0,0,0,0,1,0,0,0,0,1,0,0,0,0,90,1,1,2,0,0,1,0,74,1,1
0,70,14,0,1,0,0,0,1,0,0,0,0,0,0,0,0,0,0,0,0,0,0,1,0,0,0,0,9,0,0,1,1,1,0,0,47,1,0
1,238,18,1,0,0,0,0,0,0,0,1,0,0,0,0,0,0,0,0,0,0,0,1,0,0,0,0,14,1,1,4,0,0,1,0,69,150,1
0,108,138,0,1,0,0,0,0,0,0,1,0,0,0,0,0,0,0,0,0,0,0,1,0,0,0,0,35,1,0,1,0,0,1,0,53,66,1
1,42,1,0,1,0,0,1,0,0,0,0,0,0,0,0,0,0,0,0,0,0,0,1,0,0,0,0,14,0,0,1,0,0,1,0,47,1,0
1,163,87,1,0,0,0,0,1,0,0,0,0,0,0,0,0,0,0,0,0,0,0,1,0,0,0,0,3,0,0,1,1,0,1,0,134,1,0
1,115,95,1,0,0,0,0,0,0,0,0,0,1,0,0,0,0,0,0,0,0,0,0,1,0,0,0,58,0,0,1,0,0,1,0,69,160,0
0,94,40,0,1,0,1,0,0,0,0,0,0,0,0,0,0,0,0,0,1,0,0,0,0,0,0,0,1,1,0,1,0,0,1,0,24,1,0
0,172,46,0,1,0,0,0,0,0,0,0,0,1,0,0,0,0,0,0,0,0,0,1,0,0,0,0,7,0,0,1,1,0,1,0,122,58,0
1,19,94,0,1,0,0,0,0,0,0,0,0,1,0,0,0,0,0,0,0,0,0,1,0,0,0,0,7,0,0,1,0,1,0,0,24,1,0
0,220,109,0,1,0,0,0,0,0,0,0,0,0,0,0,1,0,0,0,0,0,0,1,0,0,0,0,4,1,0,1,1,0,1,0,81,1,1
1,72,67,1,0,0,0,0,0,0,0,0,0,1,0,0,0,0,0,0,0,0,0,0,0,0,1,0,60,1,0,1,0,0,1,0,1,1,1
0,21,155,0,1,0,1,0,0,0,0,0,0,0,0,0,0,0,0,0,1,0,0,0,0,0,0,0,1,0,0,1,0,0,1,0,1,36,0
1,89,179,0,1,0,0,0,0,0,0,0,0,0,0,0,1,0,0,0,0,0,0,0,0,0,1,0,39,1,0,1,1,0,1,0,38,1,1
0,104,17,0,1,0,0,0,0,0,0,0,0,1,0,0,0,0,0,0,0,0,0,0,0,0,1,0,24,1,0,1,1,0,1,0,151,1,1
1,109,180,1,0,0,0,0,0,1,0,0,0,0,0,0,0,0,0,0,0,0,0,0,0,0,1,0,31,0,0,1,1,0,1,0,1,18,0
0,73,117,0,1,0,0,0,0,0,0,1,0,0,0,0,0,0,0,0,0,0,0,1,0,0,0,0,5,0,0,1,0,0,1,0,77,150,0
1,76,26,0,1,0,0,0,0,0,0,0,1,0,0,0,0,0,0,0,0,0,0,1,0,0,0,0,14,1,0,1,1,1,0,0,107,1,0
1,103,11,1,0,0,0,0,0,0,0,0,0,1,0,0,0,0,0,0,0,0,0,1,0,0,0,0,37,0,0,1,1,0,1,0,53,1,0
1,289,8,1,0,0,0,0,0,1,0,0,0,0,0,0,0,0,0,0,0,0,0,1,0,0,0,0,7,1,1,12,0,0,1,0,124,197,1
1,54,1,0,1,0,0,0,0,0,0,0,0,1,0,0,0,0,0,0,0,0,0,1,0,0,0,0,14,0,0,1,1,1,0,0,1,1,0
1,201,200,1,0,0,0,0,0,0,0,0,0,1,0,0,0,0,0,0,0,0,0,1,0,0,0,0,76,1,0,1,0,0,1,0,24,1,0
0,75,170,0,1,0,0,0,0,0,0,0,0,0,0,0,0,0,1,0,0,0,0,1,0,0,0,0,2,1,0,1,0,0,1,0,24,169,1
0,285,42,0,1,0,0,0,1,0,0,0,0,0,0,0,0,0,0,0,0,0,0,0,0,1,0,0,9,0,0,1,0,0,1,0,1,57,0
1,260,11,1,0,0,0,0,0,0,0,0,0,0,0,0,0,0,1,0,0,0,0,0,0,0,1,0,43,1,1,9,0,0,1,0,32,105,1
1,163,160,0,1,0,0,0,0,0,0,0,0,0,0,0,0,0,0,1,0,0,0,1,0,0,0,0,99,1,0,1,0,0,1,0,1,1,1
1,49,14,0,1,0,0,0,0,0,0,0,0,1,0,0,0,0,0,0,0,0,0,1,0,0,0,0,4,0,0,1,0,0,1,0,1,35,0
0,32,145,0,1,0,0,0,0,0,0,1,0,0,0,0,0,0,0,0,0,0,0,1,0,0,0,0,3,1,0,1,0,0,1,0,32,1,1
0,122,193,0,1,0,0,0,0,0,0,0,0,0,0,0,0,0,0,1,0,0,0,0,0,0,1,0,67,1,1,2,0,0,1,0,38,12,1
1,245,2,0,1,0,0,0,0,0,0,0,0,0,0,1,0,0,0,0,0,0,0,1,0,0,0,0,2,0,1,2,0,1,0,0,159,1,1
