V1,V2,V3,V4,V5,V6,V7,V8,V9,V10,V11,V12,V13,V14,V15,V16,V17,V18,V19,V20
1,6,1,7,1169,4,3,4,3,2,4,2,67,1,1,2,3,1,1,1,1
0,48,3,7,5951,2,0,2,0,2,2,2,22,1,1,1,3,1,0,1,0
3,12,1,4,2096,2,1,2,3,2,3,2,49,1,1,1,2,2,0,1,1
1,42,3,5,7882,2,1,2,3,1,4,0,45,1,0,1,3,2,0,1,1
1,24,2,1,4870,2,0,3,3,2,4,1,53,1,0,2,3,2,0,1,0
3,36,3,4,9055,4,0,2,3,2,4,1,35,1,0,1,2,2,1,1,1
3,24,3,5,2835,1,3,3,3,2,4,0,53,1,1,1,3,1,0,1,1
0,36,3,2,6948,2,0,2,3,2,2,3,35,1,2,1,0,1,1,1,1
3,12,3,7,3059,3,1,2,1,2,4,2,61,1,1,1,2,1,0,1,1
0,30,1,1,5234,2,4,4,2,2,2,3,28,1,1,2,0,1,0,1,0
0,12,3,1,1295,2,2,3,0,2,1,3,25,1,2,1,3,1,0,1,0
1,48,3,3,4308,2,2,3,0,2,4,0,24,1,2,1,3,1,0,1,0
0,12,3,7,1567,2,0,1,0,2,1,3,22,1,1,1,3,1,1,1,1
1,24,1,1,1199,2,3,4,3,2,4,3,60,1,1,2,2,1,0,1,0
1,15,3,1,1403,2,0,2,0,2,4,3,28,1,2,1,3,1,0,1,1
1,24,3,7,1282,0,0,4,0,2,2,3,32,1,1,1,2,1,0,1,0
3,24,1,7,2424,4,3,4,3,2,4,0,53,1,1,2,3,1,0,1,1
1,30,4,3,8072,4,2,2,3,2,3,3,25,0,1,3,3,1,0,1,1
0,24,3,2,12579,2,3,4,0,2,2,1,44,1,0,1,0,1,1,1,0
3,24,3,7,3430,1,3,3,3,2,2,3,31,1,1,1,3,2,1,1,1
3,9,1,1,2134,2,0,4,3,2,4,3,48,1,1,3,3,1,1,1,1
1,6,3,7,2647,1,0,2,3,2,3,2,44,1,2,1,3,2,0,1,1
1,10,1,1,2241,2,2,1,3,2,3,2,48,1,2,2,2,2,0,0,1
0,12,1,2,1804,0,2,3,3,2,4,0,44,1,1,1,3,1,0,1,1
3,10,1,5,2069,4,0,2,2,2,1,3,26,1,1,2,3,1,0,0,1
1,6,3,5,1374,2,0,1,3,2,2,2,36,0,1,1,2,1,1,1,1
3,6,4,7,426,2,3,4,2,2,4,3,39,1,1,1,2,1,0,1,1
2,12,0,7,409,3,0,3,0,2,3,2,42,1,2,2,3,1,0,1,1
0,7,3,7,2415,2,0,3,3,1,2,2,34,1,1,1,3,1,0,1,1
1,60,2,3,6836,2,3,3,3,2,4,1,63,1,1,2,3,1,1,1,0
0,18,3,3,1913,3,2,3,2,2,3,2,36,0,1,1,3,1,1,1,1
1,24,3,5,4020,2,0,2,3,2,2,3,27,2,1,1,3,1,0,1,1
0,18,3,1,5866,0,0,2,3,2,2,3,30,1,1,2,3,1,1,1,1
3,12,1,3,1264,4,3,4,3,2,4,1,57,1,2,1,2,1,0,1,1
2,12,3,5,1474,2,2,4,0,2,1,0,33,0,1,1,0,1,1,1,1
0,45,1,7,4746,2,2,4,3,2,2,0,25,1,1,2,2,1,0,1,0
3,48,1,4,6110,2,0,1,3,2,3,1,31,0,0,1,3,1,1,1,1
2,18,3,7,2100,2,0,4,3,0,2,2,37,2,1,1,3,1,0,1,0
2,10,3,0,1225,2,0,2,3,2,2,3,37,1,1,1,3,1,1,1,1
0,9,3,7,458,2,0,4,3,2,3,2,24,1,1,1,3,1,0,1,1
3,30,3,7,2333,1,3,4,3,2,2,3,30,0,1,1,0,1,0,1,1
0,12,3,7,1158,1,0,3,1,2,1,3,26,1,1,1,3,1,1,1,1
0,18,2,8,6204,2,0,2,3,2,4,2,44,1,1,1,2,2,1,1,1
1,30,1,2,6187,0,1,1,2,2,4,3,24,1,2,2,3,1,0,1,1
1,48,1,2,6143,2,3,4,0,2,4,1,58,2,0,2,2,1,0,1,0
3,11,1,1,1393,2,2,4,0,2,4,3,35,1,1,2,0,1,0,1,1
3,36,3,7,2299,1,3,4,3,2,4,3,39,1,1,1,3,1,0,1,1
1,6,3,2,1352,1,4,1,0,2,2,0,23,1,2,1,1,1,1,1,1
3,11,1,1,7228,2,0,1,3,2,4,0,39,1,1,2,2,1,0,1,1
3,12,3,7,2073,0,0,4,0,0,2,2,28,1,1,1,3,1,0,1,1
0,24,2,5,2333,4,2,4,3,2,2,0,29,0,1,1,2,1,0,1,1
0,27,2,2,5965,2,3,1,3,2,2,3,30,1,1,2,0,1,1,1,1
3,12,3,7,1262,2,0,3,3,2,2,3,25,1,1,1,3,1,0,1,1
3,18,3,2,3378,4,0,2,3,2,1,0,31,1,1,1,3,1,1,1,1
0,36,2,1,2225,2,3,4,3,2,4,1,57,0,0,2,3,1,1,1,0
3,6,0,1,783,4,0,1,3,1,2,2,26,2,1,1,2,2,0,1,1
0,12,3,7,6468,4,4,2,3,2,1,1,52,1,1,1,0,1,1,1,0
3,36,1,7,9566,2,0,2,0,2,2,3,31,2,1,2,3,1,0,1,1
2,18,3,1,1961,2,3,3,0,2,2,3,23,1,1,1,0,1,0,1,1
1,36,1,5,6229,2,2,4,0,0,4,1,23,1,2,2,2,1,1,1,0
0,9,3,3,1391,2,0,2,2,2,1,2,27,0,1,1,3,1,1,1,1
0,15,1,7,1537,4,3,4,3,1,4,2,50,1,1,2,3,1,1,1,1
0,36,4,3,1953,2,3,4,3,2,4,1,61,1,0,1,0,1,1,1,0
0,48,4,3,14421,2,0,2,3,2,2,3,25,1,1,1,3,1,1,1,0
3,24,3,7,3181,2,2,4,0,2,4,0,26,1,1,1,3,1,1,1,1
3,27,3,8,5190,4,3,4,3,2,4,0,48,1,1,4,3,2,1,1,1
3,12,3,7,2171,2,2,2,0,2,2,3,29,0,1,1,3,1,0,1,1
0,12,3,1,1007,3,0,4,2,2,1,2,22,1,1,1,3,1,0,1,1
3,36,3,4,1819,2,0,4,3,2,4,1,37,2,0,1,3,1,1,1,0
3,36,3,7,2394,4,0,4,0,2,4,3,25,1,1,1,3,1,0,1,1
3,36,3,2,8133,2,0,1,0,2,2,0,30,0,1,1,3,1,0,1,1
3,7,1,7,730,4,3,4,3,2,2,0,46,1,2,2,2,1,1,1,1
1,8,1,6,1164,2,3,3,3,2,4,1,51,0,0,2,0,2,1,1,1
0,42,1,3,5954,2,1,2,0,2,1,2,41,0,1,2,2,1,0,1,1
1,36,3,4,1977,4,3,4,3,2,4,1,40,1,1,1,0,1,1,1,0
1,12,1,2,1526,2,3,4,3,2,4,1,66,1,0,2,0,1,0,1,1
1,42,3,7,3965,2,2,4,3,2,3,3,34,1,1,1,3,1,0,1,0
0,11,2,7,4771,2,1,2,3,2,4,0,51,1,1,1,3,1,0,1,1
3,54,4,2,9436,4,0,2,3,2,2,0,39,1,1,1,2,2,0,1,1
0,30,3,5,3832,2,2,2,2,2,1,0,22,1,1,1,3,1,0,1,1
3,24,3,7,5943,4,2,1,0,2,1,3,44,1,1,2,3,1,1,1,0
3,15,3,7,1213,1,3,4,3,2,3,0,47,2,1,1,3,1,1,1,1
3,18,3,3,1568,0,0,3,0,2,4,0,24,1,2,1,2,1,0,1,1
1,24,3,6,1755,2,3,4,0,1,4,2,58,1,1,1,2,1,1,1,1
1,10,3,7,2315,2,3,3,3,2,4,2,52,1,1,1,2,1,0,1,1
3,12,1,3,1412,2,0,4,0,1,2,2,29,1,1,2,0,1,1,1,1
0,18,1,5,1295,2,2,4,0,2,1,0,27,1,1,2,3,1,0,1,1
0,36,3,4,12612,0,0,1,3,2,4,1,47,1,0,1,3,2,1,1,0
1,18,3,1,2249,0,1,4,3,2,3,3,30,1,1,1,0,2,1,1,1
1,12,4,8,1108,2,1,4,3,2,3,2,28,1,1,2,3,1,0,1,0
3,12,1,7,618,2,3,4,3,2,4,2,56,1,1,1,3,1,0,1,1
1,12,1,2,1409,2,3,4,3,2,3,2,54,1,1,1,3,1,0,1,1
3,12,1,7,797,4,3,4,0,2,3,0,33,0,1,1,2,2,0,1,0
2,24,1,5,3617,4,3,4,3,0,4,1,20,1,2,2,3,1,0,1,1
0,12,3,1,1318,3,3,4,3,2,4,2,54,1,1,1,3,1,1,1,1
0,54,4,3,15945,2,2,3,3,2,4,1,58,1,2,1,3,1,1,1,0
3,12,1,4,2012,4,1,4,0,2,2,3,61,1,1,1,3,1,0,1,1
0,18,3,3,2622,0,0,4,3,2,4,3,34,1,1,1,3,1,0,1,1
0,36,1,7,2337,2,3,4,3,2,4,2,36,1,1,1,3,1,0,1,1
0,20,2,2,7057,4,1,3,3,2,4,0,36,0,2,2,0,2,1,1,1
3,24,3,1,1469,0,3,4,2,2,4,2,41,1,2,1,2,1,0,1,1
0,36,3,7,2323,2,1,4,3,2,4,3,24,1,2,1,3,1,0,1,1
3,6,2,7,932,2,0,3,0,2,2,2,24,1,1,1,3,1,0,1,1
0,9,1,5,1919,2,1,4,3,2,3,3,35,1,2,1,3,1,1,1,1
3,12,3,2,2445,4,2,2,2,2,4,3,26,1,2,1,3,1,1,1,1
0,24,1,6,11938,2,0,2,3,0,3,3,39,1,1,2,0,2,1,1,0
3,18,0,1,6458,2,3,2,3,2,4,1,39,0,1,2,0,2,1,1,0
0,12,3,1,6078,2,1,2,3,2,2,3,32,1,1,1,3,1,0,1,1
1,24,3,5,7721,4,2,1,0,2,2,0,30,1,1,1,3,1,1,0,1
0,14,3,3,1410,1,3,1,2,2,2,2,35,1,1,1,3,1,1,1,1
0,6,2,3,1449,0,3,1,1,2,2,3,31,0,1,2,3,2,0,1,1
2,15,3,4,392,2,2,4,0,2,4,0,23,1,2,1,3,1,1,1,1
0,18,3,1,6260,2,1,3,3,2,3,2,28,1,2,1,2,1,0,1,1
3,36,1,1,7855,2,0,4,0,2,2,2,25,2,1,2,3,1,1,1,0
1,12,3,7,1680,1,3,3,2,2,1,2,35,1,1,1,3,1,0,1,1
3,48,1,7,3578,4,3,4,3,2,1,2,47,1,1,1,3,1,1,1,1
1,42,3,7,7174,4,1,4,0,2,3,3,30,1,1,1,0,1,1,1,0
1,10,1,5,2132,4,2,2,0,0,3,2,27,1,2,2,3,1,0,0,1
1,33,1,5,4281,1,0,1,0,2,4,3,23,1,1,2,3,1,0,1,0
0,12,1,1,2366,1,1,3,1,2,3,3,36,1,1,1,0,1,1,1,1
1,21,3,7,1835,2,0,3,0,2,2,2,25,1,1,2,3,1,1,1,0
3,24,1,2,3868,2,3,4,0,2,2,3,41,1,2,2,0,1,1,1,1
3,12,3,5,1768,2,0,3,3,2,2,2,24,1,2,1,2,1,0,1,1
2,10,1,1,781,2,3,4,3,2,4,1,63,1,0,2,3,1,1,1,1
0,18,3,5,1924,4,2,4,0,2,3,2,27,1,2,1,3,1,0,1,0
1,12,1,1,2121,2,0,4,3,2,2,0,30,1,1,2,3,1,0,1,1
1,12,3,7,701,2,0,4,2,2,2,2,40,1,1,1,2,1,0,1,1
0,12,3,8,639,2,0,4,3,2,2,3,30,1,1,1,3,1,0,1,0
0,12,1,2,1860,2,4,4,3,2,2,3,34,1,1,2,0,1,1,1,1
1,12,1,1,3499,2,0,3,0,0,2,2,29,1,1,2,3,1,0,1,0
0,48,3,1,8487,4,1,1,0,2,2,3,24,1,1,1,3,1,0,1,1
1,36,2,4,6887,2,0,4,3,2,3,0,29,2,1,1,3,1,1,1,0
3,15,3,5,2708,2,2,2,3,2,3,0,27,0,1,2,2,1,0,1,1
3,18,3,5,1984,2,0,4,3,2,4,1,47,0,0,2,3,1,0,1,1
3,60,3,7,10144,0,1,2,0,2,4,2,21,1,1,1,3,1,1,1,1
3,12,1,7,1240,4,3,4,0,2,2,2,38,1,1,2,3,1,1,1,1
3,27,2,2,8613,3,0,2,3,2,2,3,27,1,1,2,3,1,0,1,1
0,12,3,7,766,1,0,4,3,2,3,2,66,1,1,1,2,1,0,1,0
0,15,1,7,2728,4,1,4,3,1,2,2,35,0,1,3,3,1,1,1,1
2,12,3,7,1881,2,0,2,0,2,2,3,44,1,2,1,2,1,1,1,1
2,6,3,1,709,3,2,2,2,2,2,2,27,1,1,1,1,1,0,0,1
0,36,3,7,4795,2,2,4,0,2,1,1,30,1,1,1,0,1,1,1,1
1,27,3,7,3416,2,0,3,3,2,2,3,27,1,1,1,0,1,0,1,1
1,18,3,5,2462,2,0,2,3,2,2,3,22,1,1,1,3,1,0,1,0
3,21,1,5,2288,2,2,4,0,2,4,0,23,1,1,1,3,1,1,1,1
0,48,0,3,3566,0,1,4,3,2,2,3,30,1,1,1,3,1,0,1,1
1,6,1,1,860,2,3,1,0,2,4,1,39,1,1,2,3,1,1,1,1
3,12,1,1,682,0,1,4,0,2,3,3,51,1,1,2,3,1,1,1,1
1,36,1,5,5371,2,0,3,3,1,2,0,28,1,1,2,3,1,0,1,1
3,18,1,7,1582,3,3,4,3,2,4,3,46,1,1,2,3,1,0,1,1
3,6,3,7,1346,0,3,2,3,2,4,1,42,0,0,1,3,2,1,1,1
3,10,3,7,1924,2,0,1,3,2,4,0,38,1,1,1,3,1,1,0,1
2,36,3,7,5848,2,0,4,3,2,1,3,24,1,1,1,3,1,0,1,1
0,24,1,2,7758,3,3,2,0,2,4,1,29,1,2,1,3,1,0,1,1
0,24,2,3,6967,0,1,4,3,2,4,3,36,1,2,1,0,1,1,1,1
1,12,3,5,1282,2,0,2,0,2,4,3,20,1,2,1,3,1,0,1,0
1,9,1,8,1288,0,3,3,3,1,4,2,48,1,1,2,3,2,0,0,1
1,12,0,9,339,2,3,4,2,2,1,3,45,0,1,1,2,1,0,1,1
0,24,3,1,3512,0,1,2,3,2,3,3,38,0,1,2,3,1,1,1,1
3,6,1,7,1898,4,0,1,3,2,2,2,34,1,1,2,2,2,0,1,1
3,24,1,7,2872,0,3,3,3,2,4,2,36,1,1,1,3,2,1,1,1
3,18,1,1,1055,2,2,4,0,2,1,0,30,1,1,2,3,1,0,1,1
3,15,3,0,1262,1,1,4,3,2,3,0,36,1,1,2,3,1,1,1,1
0,10,3,1,7308,2,4,2,3,2,4,1,70,0,0,1,0,1,1,1,1
3,36,3,1,909,1,3,4,3,2,4,0,36,1,1,1,3,1,0,1,1
3,6,3,5,2978,1,0,1,3,2,2,3,32,1,1,1,3,1,1,1,1
1,18,3,5,1131,2,4,4,0,2,2,3,33,1,1,1,3,1,0,1,0
0,11,3,5,1577,3,2,4,0,2,1,2,20,1,1,1,3,1,0,1,1
3,24,3,5,3972,2,1,2,0,2,4,0,25,1,2,1,3,1,1,1,1
0,24,1,3,1935,2,3,4,1,2,4,2,31,1,1,2,3,1,1,1,0
1,15,4,1,950,2,3,4,3,2,3,3,33,1,2,2,3,2,0,1,0
3,12,3,5,763,2,0,4,0,2,1,2,26,1,1,1,3,1,1,1,1
0,24,2,5,2064,2,4,3,0,2,2,0,34,1,1,1,0,1,1,1,0
0,8,3,7,1414,2,0,4,3,1,2,2,33,1,1,1,3,1,0,0,1
1,21,2,4,3414,2,2,2,3,2,1,0,26,1,1,2,3,1,0,1,0
3,30,0,2,7485,4,4,4,0,2,1,2,53,0,1,1,0,1,1,1,0
1,12,3,5,2577,2,0,2,1,2,1,3,42,1,1,1,3,1,0,1,1
1,6,1,7,338,1,3,4,3,2,4,3,52,1,1,2,3,1,0,1,1
3,12,3,7,1963,2,1,4,3,2,2,3,31,1,2,2,0,2,1,1,1
1,21,1,1,571,2,3,4,3,2,4,2,65,1,1,2,3,1,0,1,1
3,36,2,3,9572,2,2,1,1,2,1,3,28,1,1,2,3,1,0,1,0
0,36,2,3,4455,2,0,2,1,2,2,2,30,2,1,2,0,1,1,1,0
1,21,0,1,1647,4,0,4,3,2,2,0,40,1,1,2,2,2,0,1,0
3,24,1,5,3777,3,0,4,3,2,4,2,50,1,1,1,3,1,1,1,1
0,18,1,1,884,2,3,4,3,2,4,3,36,0,1,1,3,2,1,1,0
3,15,1,7,1360,2,0,4,3,2,2,0,31,1,1,2,3,1,0,1,1
0,9,0,2,5129,2,3,2,0,2,4,1,74,0,0,1,0,2,1,1,0
0,16,1,1,1175,2,4,2,3,2,3,3,68,1,0,3,1,1,1,1,1
1,12,3,7,674,0,1,4,2,2,1,0,20,1,1,1,3,1,0,1,0
0,18,4,5,3244,2,0,1,0,2,4,3,33,0,1,2,3,1,1,1,1
3,24,3,3,4591,3,0,2,3,2,3,0,54,1,1,3,0,1,1,1,0
0,48,4,3,3844,0,1,4,3,2,4,1,34,1,0,1,2,2,0,1,0
0,27,3,3,3915,2,0,4,3,2,2,3,36,1,1,1,3,2,1,1,0
3,6,3,7,2108,2,1,2,2,2,2,2,29,1,2,1,3,1,0,1,1
0,45,3,7,3031,0,0,4,3,1,4,0,21,1,2,1,3,1,0,1,0
0,9,1,4,1501,2,3,2,0,2,3,3,34,1,1,2,0,1,1,1,0
3,6,1,7,1382,2,0,1,0,2,1,3,28,1,1,2,3,1,1,1,1
0,12,3,5,951,0,2,4,0,2,4,3,27,0,2,4,3,1,0,1,0
0,24,3,2,2760,4,3,4,3,2,4,1,36,0,0,1,3,1,1,1,1
0,18,2,5,4297,2,3,4,1,2,3,1,40,1,1,1,0,1,1,1,0
3,9,1,4,936,1,3,4,3,2,2,3,52,1,1,2,3,1,1,1,1
1,12,3,1,1168,2,0,4,2,2,3,2,27,1,1,1,2,1,0,1,1
3,27,2,3,5117,2,1,3,3,2,4,3,26,1,1,2,3,1,0,1,1
1,12,3,9,902,2,1,4,2,2,4,0,21,1,2,1,3,1,0,1,0
3,12,1,1,1495,2,3,4,3,2,1,2,38,1,1,2,2,2,0,1,1
1,30,1,2,10623,2,3,3,3,2,4,1,38,1,0,3,0,2,1,1,1
3,12,1,5,1935,2,3,4,3,2,4,2,43,1,1,3,3,1,1,1,1
0,12,1,0,1424,2,1,4,3,2,3,0,26,1,1,1,3,1,0,1,1
1,24,3,3,6568,2,0,2,2,2,2,3,21,2,1,1,2,1,0,1,1
3,12,3,2,1413,3,1,3,3,2,2,0,55,1,1,1,3,1,0,0,1
3,9,1,7,3074,4,0,1,3,2,2,2,33,1,1,2,3,2,0,1,1
3,36,3,7,3835,4,3,2,0,2,4,2,45,1,1,1,2,1,1,1,1
1,27,4,3,5293,2,4,2,3,2,4,0,50,2,1,2,3,1,1,1,0
2,30,2,3,1908,2,3,4,3,2,4,2,66,1,1,1,0,1,1,1,0
3,36,1,7,3342,4,3,4,3,2,2,3,51,1,1,1,3,1,1,1,1
0,6,1,9,932,4,1,1,0,2,3,0,39,1,1,2,2,1,0,1,1
1,18,4,3,3104,2,1,3,3,2,1,0,31,0,1,1,3,1,1,1,1
2,36,3,7,3913,2,0,2,3,2,2,2,23,1,1,1,3,1,1,1,1
1,24,3,5,3021,2,0,2,1,2,2,2,24,1,2,1,2,1,0,1,1
3,10,3,1,1364,2,0,2,0,2,4,3,64,1,1,1,3,1,1,1,1
0,12,3,7,625,2,2,4,2,1,1,2,26,0,1,1,2,1,0,1,1
1,12,3,4,1200,4,0,4,0,2,4,0,23,0,2,1,3,1,1,1,1
3,12,3,7,707,2,0,4,3,2,2,2,30,0,1,2,3,1,0,1,1
3,24,2,3,2978,4,0,4,3,2,4,2,32,1,1,2,3,2,1,1,1
3,15,3,2,4657,2,0,3,3,2,2,3,30,1,1,1,3,1,1,1,1
3,36,4,8,2613,2,0,4,3,2,2,3,27,1,1,2,3,1,0,1,1
0,48,3,7,10961,3,1,1,3,0,2,1,27,0,1,2,3,1,1,1,0
1,12,3,5,7865,2,3,4,3,2,4,1,53,1,0,1,0,1,1,1,0
3,9,3,7,1478,2,1,4,3,2,2,3,22,1,1,1,3,1,0,1,0
1,24,3,5,3149,2,2,4,3,2,1,1,22,0,0,1,3,1,0,1,1
2,36,3,7,4210,2,0,4,3,2,2,3,26,1,1,1,3,1,0,1,0
3,9,3,1,2507,1,3,2,3,2,4,1,51,1,0,1,2,1,0,1,1
3,12,3,7,2141,0,1,3,3,2,1,1,35,1,1,1,3,1,0,1,1
0,18,3,7,866,2,0,4,2,1,2,2,25,1,1,1,2,1,0,1,1
3,4,1,7,1544,2,1,2,3,2,1,2,42,1,1,3,2,2,0,1,1
1,24,3,7,1823,2,4,4,3,2,2,3,30,2,1,1,0,2,0,1,0
0,6,3,1,14555,4,4,1,3,2,2,0,23,1,1,1,1,1,1,1,0
0,21,3,3,2767,0,3,4,1,2,2,3,61,0,2,2,2,1,0,1,0
3,12,1,7,1291,2,0,4,0,2,2,0,35,1,1,2,3,1,0,1,1
1,30,3,7,2522,2,3,1,3,1,3,0,39,1,1,1,3,2,0,1,1
1,24,3,1,915,4,3,4,0,2,2,3,29,0,1,1,3,1,0,1,0
3,6,3,7,1595,2,1,3,3,2,2,0,51,1,1,1,3,2,0,1,1
1,48,4,2,4605,2,3,3,3,2,4,1,24,1,0,2,3,2,0,1,0
3,12,1,3,1185,2,0,3,0,2,2,2,27,1,1,2,3,1,0,1,1
3,12,0,9,3447,1,0,4,0,2,3,2,35,1,1,1,2,2,0,1,1
3,24,3,3,1258,2,1,4,3,2,1,2,25,1,1,1,3,1,1,1,1
3,12,1,7,717,2,3,4,3,2,4,2,52,1,1,3,3,1,0,1,1
3,6,4,1,1204,0,0,4,3,2,1,1,35,0,2,1,3,1,0,0,1
2,24,3,5,1925,2,0,2,3,2,2,2,26,1,1,1,3,1,0,1,1
3,18,3,7,433,2,4,3,0,0,4,2,22,1,2,1,3,1,0,1,0
1,6,1,1,666,3,1,3,0,2,4,2,39,1,1,2,2,1,1,1,1
2,12,3,5,2251,2,0,1,0,2,2,3,46,1,1,1,2,1,0,1,1
0,30,3,1,2150,2,0,4,0,1,2,1,24,0,1,1,3,1,0,1,0
3,24,2,5,4151,0,0,2,3,2,3,0,35,1,1,2,3,1,0,1,1
0,9,3,5,2030,4,1,2,3,2,1,3,24,1,1,1,3,1,1,1,1
0,60,2,7,7418,4,0,1,3,2,1,2,27,1,1,1,2,1,0,1,1
3,24,1,7,2684,2,0,4,3,2,2,2,35,1,1,2,2,1,0,1,1
1,12,0,7,2149,2,0,4,1,2,1,1,29,1,0,1,3,1,0,1,0
3,15,3,2,3812,0,2,1,0,2,4,3,23,1,1,1,3,1,1,1,1
3,11,1,7,1154,0,4,4,0,2,4,2,57,1,1,3,2,1,0,1,1
1,12,3,5,1657,2,0,2,3,2,2,2,27,1,1,1,3,1,0,1,1
1,24,3,7,1603,2,3,4,0,2,4,3,55,1,1,1,3,1,0,1,1
1,18,1,1,5302,2,3,2,3,2,4,1,36,1,0,3,0,1,1,1,1
3,12,1,4,2748,2,3,2,0,2,4,1,57,0,0,3,2,1,0,1,1
3,10,1,1,1231,2,3,3,3,2,4,2,32,1,1,2,2,2,0,0,1
0,15,3,7,802,2,3,4,3,2,3,3,37,1,1,1,3,2,0,1,0
3,36,1,3,6304,4,3,4,3,2,4,2,36,1,1,2,3,1,0,1,1
3,24,3,7,1533,2,2,4,0,2,3,3,38,2,1,1,3,1,1,1,1
1,14,3,1,8978,2,3,1,1,2,4,0,45,1,1,1,0,1,1,0,0
3,24,3,7,999,4,3,4,3,2,2,3,25,1,1,2,3,1,0,1,1
3,18,3,1,2662,4,1,4,3,2,3,0,32,1,1,1,3,1,0,0,1
3,12,1,5,1402,1,1,3,0,2,4,3,37,1,2,1,3,1,1,1,1
0,48,0,1,12169,4,4,4,3,0,4,1,36,1,0,1,0,1,1,1,1
0,48,3,7,3060,2,1,4,3,2,4,2,28,1,1,2,3,1,0,1,0
1,30,3,8,11998,2,2,1,1,2,1,1,34,1,1,1,2,1,1,1,0
3,9,3,7,2697,2,0,1,3,2,2,2,32,1,1,1,3,2,0,1,1
3,18,1,7,2404,2,0,2,0,2,2,3,26,1,1,2,3,1,0,1,1
1,12,3,5,1262,4,3,2,1,2,4,0,49,1,1,1,2,1,1,1,1
3,6,3,5,4611,2,2,1,0,2,4,0,32,1,1,1,3,1,0,1,0
3,24,3,7,1901,0,0,4,3,2,4,3,29,1,2,1,0,1,1,1,1
3,15,1,2,3368,3,3,3,3,2,4,1,23,1,2,2,3,1,1,1,1
3,12,3,5,1574,2,0,4,3,2,2,2,50,1,1,1,3,1,0,1,1
2,18,0,7,1445,4,1,4,3,2,4,3,49,0,1,1,2,1,0,1,1
3,15,1,5,1520,4,3,4,3,2,4,0,63,1,1,1,3,1,0,1,1
0,24,1,1,3878,0,2,4,1,2,2,3,37,1,1,1,3,1,1,1,1
1,47,3,1,10722,2,2,1,0,2,1,2,35,1,1,1,2,1,1,1,1
1,48,3,2,4788,2,1,4,3,2,3,0,26,1,1,1,3,2,0,1,1
0,48,2,6,7582,0,4,2,3,2,4,1,31,1,0,1,0,1,1,1,1
0,12,3,7,1092,2,0,4,0,1,4,2,49,1,1,2,3,1,1,1,1
1,24,2,7,1024,2,2,4,2,2,4,2,48,2,1,1,3,1,0,1,0
3,12,3,3,1076,2,0,2,2,2,2,2,26,1,1,1,3,1,1,0,1
0,36,3,2,9398,2,2,1,2,2,4,3,28,1,2,1,0,1,1,1,0
1,24,1,2,6419,2,3,2,0,2,4,1,44,1,0,2,0,2,1,1,1
2,42,1,2,4796,2,3,4,3,2,4,1,56,1,0,1,3,1,0,1,1
3,48,1,3,7629,4,3,4,1,2,2,3,46,0,1,2,0,2,0,1,1
0,48,3,5,9960,2,2,1,0,2,2,3,26,1,1,1,3,1,1,1,0
3,12,3,2,4675,4,2,1,0,2,4,3,20,1,2,1,3,1,0,1,1
3,10,3,1,1287,4,3,4,3,0,2,0,45,1,1,1,2,1,0,0,1
3,18,3,5,2515,2,0,3,3,2,4,2,43,1,1,1,3,1,1,1,1
0,21,1,5,2745,3,1,3,3,2,2,3,32,1,1,2,3,1,1,1,1
3,6,3,1,672,2,4,1,0,2,4,2,54,1,1,1,1,1,1,1,1
0,36,4,7,3804,2,0,4,0,2,1,3,42,1,1,1,3,1,1,1,0
2,24,1,1,1344,4,1,4,3,2,2,2,37,0,1,2,2,2,0,1,0
1,10,1,1,1038,2,1,4,3,0,3,0,49,1,1,2,3,1,1,1,1
3,48,1,1,10127,1,0,2,3,2,2,1,44,0,0,1,3,1,0,1,0
3,6,3,5,1543,3,0,4,1,2,2,2,33,1,1,1,3,1,0,1,1
3,30,3,2,4811,4,1,2,0,2,4,0,24,2,2,1,2,1,0,1,1
1,12,3,7,727,0,2,4,2,2,3,1,33,1,1,1,2,1,1,1,0
0,8,3,5,1237,2,0,3,0,2,4,2,24,1,1,1,3,1,0,1,0
0,9,3,1,276,2,0,4,2,2,4,2,22,1,2,1,2,1,0,1,1
0,48,3,6,5381,4,4,3,3,2,4,1,40,0,0,1,1,1,1,1,1
3,24,3,5,5511,0,0,4,3,2,1,3,25,2,1,1,3,1,0,1,1
2,24,3,5,3749,2,2,2,0,2,4,3,26,1,1,1,3,1,0,1,1
0,12,3,1,685,2,1,2,2,2,3,3,25,0,1,1,2,1,0,1,0
2,4,3,1,1494,4,2,1,3,2,2,2,29,1,1,1,2,2,0,0,1
1,36,0,5,2746,2,3,4,3,2,4,3,31,0,1,1,3,1,0,1,0
1,12,3,5,708,2,0,2,3,1,3,0,38,1,1,1,2,2,0,1,1
0,24,3,5,4351,4,0,1,0,2,4,0,48,1,1,1,2,1,1,1,1
3,12,1,4,701,2,0,4,3,2,2,3,32,1,1,2,3,1,0,1,1
1,15,2,5,3643,2,3,1,0,2,4,0,27,1,1,2,2,1,0,1,1
0,30,1,1,4249,2,4,4,2,2,2,3,28,1,1,2,0,1,0,1,0
1,24,3,7,1938,2,2,4,1,2,3,0,32,1,1,1,3,1,0,1,0
1,24,3,2,2910,2,1,2,3,2,1,1,34,1,0,1,0,1,1,1,1
1,18,3,5,2659,3,0,4,3,2,2,3,28,1,1,1,3,1,0,1,1
3,18,1,1,1028,2,0,4,0,2,3,2,36,1,1,2,3,1,0,1,1
1,8,1,1,3398,2,1,1,3,2,4,2,39,1,1,2,2,1,0,0,1
3,12,1,5,5801,4,3,2,3,2,4,0,49,1,2,1,3,1,1,1,1
3,24,3,1,1525,3,1,4,0,2,3,3,34,1,1,1,3,2,1,1,1
2,36,3,7,4473,2,3,4,3,2,2,3,31,1,1,1,3,1,0,1,1
0,6,3,7,1068,2,3,4,3,2,4,3,28,1,1,1,3,2,0,1,1
1,24,1,2,6615,2,4,2,3,2,4,1,75,1,0,2,0,1,1,1,1
3,18,1,4,1864,0,0,4,0,2,2,2,30,1,1,2,3,1,0,1,0
0,60,3,1,7408,0,2,4,0,2,2,0,24,1,1,1,0,1,0,1,0
3,48,1,2,11590,0,0,2,0,2,4,3,24,0,2,2,2,1,0,1,0
1,24,4,5,4110,2,3,3,3,2,4,1,23,0,2,2,3,2,0,1,0
1,6,1,5,3384,2,0,1,1,2,4,2,44,1,2,1,0,1,1,1,0
0,13,3,7,2101,2,2,2,0,1,4,0,23,1,1,1,2,1,0,1,1
1,15,3,0,1275,4,0,4,0,2,2,3,24,1,2,1,3,1,0,1,0
1,24,3,5,4169,2,0,4,3,2,4,0,28,1,1,1,3,1,0,1,1
0,10,3,5,1521,2,0,4,1,2,2,3,31,1,1,1,2,1,0,1,1
0,24,1,4,5743,2,2,2,0,2,4,1,24,1,0,2,3,1,1,1,1
1,21,3,5,3599,2,1,1,0,2,4,3,26,1,2,1,2,1,0,1,1
0,18,3,7,3213,1,2,1,2,2,3,2,25,1,2,1,3,1,0,1,1
0,18,3,3,4439,2,3,1,3,0,1,2,33,0,1,1,0,1,1,1,1
2,10,3,1,3949,2,2,1,3,1,1,0,37,1,1,1,2,2,0,1,1
3,15,1,7,1459,2,0,4,0,2,2,3,43,1,1,1,2,1,0,1,1
0,13,1,7,882,2,2,4,3,1,4,2,23,1,1,2,3,1,0,1,1
0,24,3,7,3758,1,4,1,0,2,4,1,23,1,2,1,1,1,0,1,1
3,6,2,3,1743,0,0,1,3,2,2,2,34,1,1,2,2,1,0,1,1
0,9,1,4,1136,3,3,4,3,2,3,1,32,1,0,2,3,2,0,1,0
3,9,3,0,1236,2,2,1,0,2,4,2,23,1,2,1,3,1,1,1,1
0,9,3,5,959,2,0,1,0,2,2,3,29,1,1,1,3,1,0,0,0
3,18,1,2,3229,4,4,2,3,2,4,1,38,1,1,1,0,1,1,1,1
1,12,4,7,6199,2,0,4,3,2,2,0,28,1,2,2,3,1,1,1,0
3,10,3,4,727,1,3,4,3,2,4,1,46,1,0,1,3,1,1,1,1
0,24,3,1,1246,2,2,4,3,2,2,2,23,2,1,1,2,1,0,1,0
3,12,1,7,2331,4,3,1,3,0,4,2,49,1,1,1,3,1,1,1,1
3,36,2,7,4463,2,0,4,3,2,2,3,26,1,1,2,0,1,1,1,0
3,12,3,7,776,2,0,4,2,2,2,2,28,1,1,1,3,1,0,1,1
1,30,3,5,2406,2,1,4,0,2,4,2,23,1,2,1,3,1,0,1,0
0,18,3,4,1239,4,0,4,3,2,4,1,61,1,0,1,3,1,0,1,1
2,12,3,7,3399,4,3,2,3,2,3,3,37,1,1,1,0,1,0,1,1
2,12,2,1,2247,2,0,2,0,2,2,3,36,2,1,2,3,1,1,1,1
3,6,3,5,1766,2,0,1,2,2,2,0,21,1,2,1,3,1,0,1,1
1,18,3,5,2473,2,4,4,3,2,1,3,25,1,1,1,1,1,0,1,0
3,12,3,3,1542,2,1,2,3,2,4,3,36,1,1,1,3,1,1,1,1
3,18,1,2,3850,2,1,3,3,2,1,3,27,1,1,2,3,1,0,1,1
1,18,3,5,3650,2,2,1,0,2,4,3,22,1,2,1,3,1,0,1,1
1,36,3,5,3446,2,3,4,3,2,2,3,42,1,1,1,3,2,0,1,0
0,18,3,5,3001,2,1,2,0,2,4,2,40,1,2,1,3,1,0,1,1
3,36,3,1,3079,4,0,4,3,2,4,2,36,1,1,1,3,1,0,1,1
3,18,1,7,6070,2,3,3,3,2,4,3,33,1,1,2,3,1,1,1,1
3,10,1,5,2146,2,2,1,0,2,3,2,23,1,2,2,3,1,0,1,1
3,60,1,1,13756,4,3,2,3,2,4,1,63,0,0,1,0,1,1,1,1
0,60,0,6,14782,0,3,3,0,2,4,1,60,0,0,2,0,1,1,1,0
1,48,0,3,7685,2,1,2,0,1,4,3,37,1,2,1,3,1,0,1,0
3,18,2,7,2320,2,4,2,2,2,3,2,34,1,1,2,3,1,0,1,1
3,7,2,7,846,4,3,3,3,2,4,1,36,1,0,1,3,1,0,1,1
0,36,3,1,14318,2,3,4,3,2,2,1,57,1,0,1,0,1,1,1,0
3,6,1,1,362,0,0,4,0,2,4,3,52,1,1,2,2,1,0,1,1
1,20,3,5,2212,4,1,4,3,2,4,3,39,1,1,1,3,1,1,1,1
0,18,3,2,12976,2,4,3,0,2,4,1,38,1,0,1,0,1,1,1,0
3,22,3,1,1283,4,1,4,0,2,4,0,25,1,2,1,3,1,0,1,1
2,12,3,1,1330,2,2,4,3,2,1,2,26,1,1,1,3,1,0,1,1
3,30,2,3,4272,0,0,2,3,2,2,0,26,1,1,2,2,1,0,1,1
3,18,1,7,2238,2,0,2,0,2,1,3,25,1,1,2,3,1,0,1,1
3,18,3,7,1126,4,2,4,0,2,2,2,21,1,2,1,3,1,1,1,1
0,18,1,5,7374,2,4,4,3,2,4,0,40,2,1,2,0,1,1,1,1
0,15,1,3,2326,1,0,2,3,2,4,3,27,0,1,1,3,1,0,1,1
3,9,3,3,1449,2,1,3,0,2,2,3,27,1,1,2,3,1,0,1,1
3,18,3,1,1820,2,0,2,2,2,2,0,30,1,1,1,0,1,1,1,1
0,12,3,5,983,3,2,1,0,2,4,2,19,1,2,1,2,1,0,1,1
1,36,3,1,3249,2,1,2,3,2,4,1,39,0,0,1,0,2,1,1,1
1,6,1,7,1957,2,1,1,0,2,4,3,31,1,1,1,3,1,0,1,1
3,9,1,5,2406,2,4,2,3,2,3,3,31,1,1,1,0,1,0,1,1
0,39,2,4,11760,0,1,2,3,2,3,1,32,1,2,1,3,1,1,1,1
1,12,3,5,2578,2,4,3,0,2,4,1,55,1,0,1,0,1,0,1,1
1,36,1,5,2348,2,0,3,2,2,2,0,46,1,1,2,3,1,1,1,1
0,12,3,1,1223,2,3,1,1,2,1,2,46,1,2,2,3,1,0,1,0
3,24,1,7,1516,3,0,4,0,2,1,2,43,1,1,2,2,1,0,1,1
3,18,3,7,1473,2,2,3,2,2,4,2,39,1,1,1,3,1,1,1,1
0,18,1,3,1887,4,0,4,2,2,4,2,28,0,1,2,3,1,0,1,1
3,24,2,3,8648,2,2,2,3,2,2,3,27,0,1,2,3,1,1,1,0
3,14,2,1,802,2,0,4,3,2,2,3,27,1,1,2,2,1,0,1,1
0,18,2,1,2899,4,3,4,3,2,4,3,43,1,1,1,3,2,0,1,1
0,24,3,7,2039,2,2,1,2,2,1,0,22,1,1,1,3,1,1,1,0
3,24,1,2,2197,4,1,4,3,2,4,3,43,1,1,2,3,2,1,1,1
1,15,3,7,1053,2,2,4,2,2,2,2,27,1,1,1,3,1,0,0,1
3,24,3,7,3235,1,3,3,1,2,2,3,26,1,1,1,0,1,1,1,1
2,12,1,1,939,1,1,4,2,2,2,2,28,1,1,3,3,1,1,1,0
0,24,3,7,1967,2,3,4,0,2,4,3,20,1,1,1,3,1,1,1,1
3,33,1,2,7253,2,1,3,3,2,2,3,35,1,1,2,0,1,1,1,1
3,12,1,3,2292,2,4,4,3,2,2,3,42,2,1,2,0,1,1,1,0
3,10,3,1,1597,1,0,3,3,2,2,1,40,1,2,1,2,2,0,0,1
1,24,3,1,1381,4,0,4,0,2,2,0,35,1,1,1,3,1,0,1,0
3,36,1,2,5842,2,3,2,3,2,2,0,35,1,1,2,3,2,1,1,1
1,12,3,1,2579,2,2,4,3,2,1,2,33,1,1,1,2,2,0,1,0
1,18,2,4,8471,4,0,1,0,2,2,3,23,1,2,2,3,1,1,1,1
3,21,3,1,2782,1,1,1,0,2,2,3,31,0,1,1,0,1,0,1,1
0,18,3,1,1042,4,0,4,0,2,2,0,33,1,1,1,3,1,0,1,0
3,15,3,1,3186,3,1,2,0,2,3,3,20,1,2,1,3,1,0,1,1
0,12,3,2,2028,4,0,4,3,2,2,3,30,1,1,1,3,1,0,1,1
0,12,1,1,958,2,1,2,3,2,3,2,47,1,1,2,2,2,0,1,1
3,21,2,5,1591,0,1,4,3,2,3,2,34,1,1,2,0,1,0,1,1
0,12,3,5,2762,4,3,1,0,2,2,0,25,0,1,1,3,1,1,1,0
0,18,3,2,2779,2,0,1,2,2,3,3,21,1,2,1,3,1,1,1,1
3,28,1,7,2743,2,3,4,3,2,2,3,29,1,1,2,3,1,0,1,1
3,18,1,7,1149,3,0,4,3,2,3,2,46,1,1,2,3,1,0,1,1
3,9,3,5,1313,2,3,1,3,2,4,3,20,1,1,1,3,1,0,1,1
1,18,1,8,1190,2,4,2,0,2,4,1,55,1,0,3,1,2,0,1,0
3,5,3,3,3448,2,1,1,3,2,4,2,74,1,1,1,2,1,0,1,1
0,24,3,6,11328,2,0,2,3,0,3,3,29,0,1,2,0,1,1,1,0
1,6,1,5,1872,2,4,4,3,2,4,1,36,1,0,3,0,1,1,1,1
3,24,1,8,2058,2,0,4,1,2,2,2,33,1,1,2,3,1,1,1,1
1,9,3,5,2136,2,0,3,3,2,2,2,25,1,1,1,3,1,0,1,1
0,12,3,7,1484,4,0,2,2,2,1,2,25,1,1,1,3,1,1,1,0
3,6,3,8,660,1,1,2,2,2,4,2,23,1,2,1,2,1,0,1,1
3,24,1,1,1287,3,3,4,0,2,4,2,37,1,1,2,3,1,1,1,1
1,42,1,8,3394,2,4,4,3,0,4,3,65,1,1,2,1,1,0,1,1
2,12,0,3,609,2,2,4,0,2,1,2,26,1,1,1,1,1,0,1,0
3,12,3,1,1884,2,3,4,3,2,4,3,39,1,1,1,0,1,1,1,1
1,12,3,5,1620,2,0,2,0,0,3,0,30,1,1,1,3,1,0,1,1
0,20,2,6,2629,2,0,2,3,2,3,3,29,0,1,2,3,1,1,1,1
3,12,3,4,719,2,3,4,3,2,4,3,41,0,1,1,2,2,0,1,0
0,48,1,5,5096,2,0,2,0,2,3,3,30,1,1,1,0,1,1,1,0
3,9,1,4,1244,4,3,4,0,2,4,0,41,1,2,2,2,1,0,1,1
1,36,3,1,1842,2,2,4,0,2,4,3,34,1,1,1,3,1,1,1,0
0,7,3,7,2576,2,0,2,3,1,2,2,35,1,1,1,3,1,0,1,1
2,12,3,5,1424,4,3,3,0,2,4,2,55,1,1,1,0,1,1,1,1
0,15,2,8,1512,3,0,3,2,2,3,0,61,2,1,2,3,1,0,1,0
3,36,1,2,11054,4,0,4,3,2,2,3,30,1,1,1,0,1,1,1,1
3,6,3,7,518,2,0,3,0,2,1,2,29,1,1,1,3,1,0,1,1
3,12,4,5,2759,2,3,2,3,2,4,0,34,1,1,2,3,1,0,1,1
3,24,3,2,2670,2,3,4,3,2,4,3,35,1,1,1,0,1,1,1,1
1,24,3,1,4817,2,1,2,3,0,3,0,31,1,1,1,3,1,1,1,0
3,24,3,2,2679,2,2,4,0,2,1,1,29,1,1,1,0,1,1,1,1
1,11,1,1,3905,2,0,2,3,2,2,2,36,1,2,2,3,2,0,1,1
1,12,3,2,3386,2,3,3,3,2,4,1,35,1,0,1,3,1,1,1,0
1,6,3,0,343,2,2,4,0,2,1,2,27,1,1,1,3,1,0,1,1
3,18,3,7,4594,2,2,3,3,2,2,3,32,1,1,1,3,1,1,1,1
1,36,3,5,3620,2,0,1,3,1,2,0,37,1,1,1,3,2,0,1,1
1,15,3,1,1721,2,2,2,3,2,3,2,36,1,1,1,3,1,0,1,1
0,12,3,5,3017,2,2,3,0,2,1,2,34,1,2,1,0,1,0,1,1
0,12,3,9,754,4,3,4,3,2,4,0,38,1,1,2,3,1,0,1,1
3,18,3,3,1950,2,1,4,3,2,1,3,34,2,1,2,3,1,1,1,1
1,24,3,2,2924,2,0,3,3,1,4,1,63,0,1,1,3,2,1,1,1
1,24,2,7,1659,2,2,4,0,2,2,3,29,1,2,1,2,1,1,1,0
3,48,2,7,7238,4,3,3,3,2,3,3,32,0,1,2,3,2,0,1,1
3,33,2,3,2764,2,0,2,0,2,2,3,26,1,1,2,3,1,1,1,1
3,24,2,2,4679,2,1,3,3,2,3,3,35,1,1,2,2,1,1,1,1
0,24,3,7,3092,0,2,3,2,2,2,3,22,1,2,1,3,1,1,1,0
1,6,3,4,448,2,2,4,0,2,4,0,23,1,1,1,3,1,0,1,0
1,9,3,1,654,2,0,4,3,2,3,3,28,1,1,1,2,1,0,1,0
3,6,3,9,1238,4,4,4,3,2,4,0,36,1,1,1,0,2,1,1,1
0,18,1,7,1245,2,0,4,2,2,2,3,33,1,1,1,3,1,0,1,0
1,18,4,5,3114,2,2,1,0,2,4,0,26,1,2,1,3,1,0,1,0
3,39,3,2,2569,1,0,4,3,2,4,3,24,1,1,1,3,1,0,1,1
2,24,3,7,5152,2,1,4,3,2,2,3,25,0,1,1,3,1,0,1,1
0,12,3,3,1037,0,1,3,3,2,4,2,39,1,1,1,2,1,0,1,1
1,15,1,5,1478,2,3,4,3,2,4,3,44,1,1,2,3,2,1,1,1
0,12,1,7,3573,2,0,1,0,2,1,2,23,1,1,1,2,1,0,1,1
0,24,3,1,1201,2,2,4,3,2,1,0,26,1,1,1,3,1,0,1,1
1,30,3,5,3622,3,3,4,0,2,4,0,57,1,2,2,3,1,1,1,1
3,15,2,5,960,3,1,3,0,2,2,0,30,1,1,2,3,1,0,1,1
3,12,1,1,1163,1,0,4,3,2,4,2,44,1,1,1,3,1,1,1,1
0,6,2,1,1209,2,4,4,3,2,4,0,47,1,1,1,0,1,1,1,0
3,12,3,7,3077,2,0,2,3,2,4,3,52,1,1,1,3,1,1,1,1
3,24,3,1,3757,2,3,4,0,0,4,1,62,1,0,1,3,1,1,1,1
3,10,3,1,1418,0,0,3,3,2,2,2,35,1,2,1,2,1,0,0,1
3,6,3,1,3518,2,0,2,3,1,3,0,26,1,2,1,3,1,0,1,1
3,12,1,7,1934,2,3,2,3,2,2,1,26,1,1,2,3,1,0,1,1
0,27,4,3,8318,2,3,2,0,2,4,1,42,1,0,2,0,1,1,1,0
3,6,1,7,1237,0,0,1,0,2,1,0,27,1,1,2,3,1,0,1,1
0,6,3,7,368,4,3,4,3,2,4,0,38,1,1,1,3,1,0,1,1
1,12,1,1,2122,2,0,3,3,2,2,2,39,1,2,2,2,2,0,0,1
1,24,3,5,2996,4,0,2,2,2,4,3,20,1,1,1,3,1,0,1,0
0,36,3,5,9034,0,2,4,3,0,1,1,29,1,2,1,0,1,1,1,0
3,24,1,5,1585,2,1,4,3,2,3,0,40,1,1,2,3,1,0,1,1
0,18,3,7,1301,2,3,4,2,1,2,2,32,1,1,1,2,1,0,1,1
2,6,1,1,1323,0,3,2,1,2,4,3,28,1,1,2,3,2,1,1,1
1,24,3,1,3123,2,2,4,0,2,1,0,27,1,1,1,3,1,0,1,0
1,36,3,2,5493,2,3,2,3,2,4,1,42,1,0,1,3,2,0,1,1
2,9,3,7,1126,0,3,2,1,2,4,2,49,1,1,1,3,1,0,1,1
0,24,1,7,1216,0,2,4,3,2,4,1,38,0,1,2,3,2,0,1,0
1,24,3,1,1207,2,2,4,0,2,4,0,24,1,2,1,3,1,0,1,0
3,10,3,1,1309,4,0,4,3,1,4,0,27,1,1,1,2,1,0,1,0
2,15,1,2,2360,1,0,2,3,2,2,3,36,1,1,1,3,1,1,1,1
0,15,0,1,6850,0,4,1,3,2,2,0,34,1,1,1,0,2,1,1,0
3,24,3,7,1413,2,0,4,2,2,2,0,28,1,1,1,3,1,0,1,1
3,39,3,2,8588,0,3,4,3,2,2,3,45,1,1,1,0,1,1,1,1
1,12,3,1,759,2,1,4,3,2,2,2,26,1,1,1,3,1,0,1,0
3,36,3,2,4686,2,0,2,3,2,2,1,32,1,0,1,0,1,1,1,1
2,15,3,3,2687,2,1,2,3,2,4,0,26,1,2,1,3,1,1,1,1
0,12,2,7,585,2,0,4,2,0,4,2,20,1,2,2,3,1,0,1,1
3,24,3,1,2255,4,2,4,3,2,1,0,54,1,1,1,3,1,0,1,1
1,6,1,1,609,2,1,4,0,2,3,0,37,1,1,2,3,1,0,0,1
1,6,1,1,1361,2,2,2,3,2,4,2,40,1,1,1,2,2,0,0,1
3,36,1,5,7127,2,2,2,0,2,4,0,23,1,2,2,3,1,1,1,0
1,6,3,1,1203,0,3,3,3,2,2,0,43,1,1,1,3,1,1,1,1
3,6,1,7,700,4,3,4,3,2,4,1,36,1,0,2,3,1,0,1,1
3,24,1,8,5507,2,3,3,3,2,4,1,44,1,0,2,3,1,0,1,1
1,18,3,7,3190,2,0,2,0,2,2,2,24,1,1,1,3,1,0,1,0
1,48,4,5,7119,2,0,3,3,2,4,1,53,1,0,2,3,2,0,1,0
3,24,3,2,3488,0,1,3,0,2,4,3,23,1,1,1,3,1,0,1,1
0,18,3,7,1113,2,0,4,0,1,4,2,26,1,1,1,2,2,0,1,1
0,26,3,2,7966,2,2,2,3,2,3,3,30,1,1,2,3,1,0,1,1
3,15,1,4,1532,0,0,4,0,2,3,3,31,1,1,1,3,1,0,1,1
3,4,1,7,1503,2,1,2,3,2,1,2,42,1,1,2,2,2,0,1,1
1,36,3,7,2302,2,0,4,1,2,4,3,31,1,2,1,3,1,0,1,0
1,6,3,1,662,2,2,3,3,2,4,2,41,1,1,1,2,2,1,1,1
0,36,3,4,2273,2,1,3,3,2,1,3,32,1,1,2,3,2,0,1,1
0,15,3,1,2631,0,0,2,0,2,4,3,28,1,2,2,3,1,1,1,0
3,12,2,2,1503,2,0,4,2,2,4,2,41,1,2,1,3,1,0,1,1
3,24,3,7,1311,0,1,4,2,2,3,0,26,1,1,1,3,1,1,1,1
3,24,3,7,3105,4,2,4,3,2,2,3,25,1,1,2,3,1,0,1,1
2,21,1,4,2319,2,2,2,1,2,1,3,33,1,2,1,3,1,0,1,0
1,6,3,1,1374,4,4,4,0,2,3,0,75,1,1,1,0,1,1,1,1
0,18,1,5,3612,2,3,3,0,2,4,0,37,1,1,1,3,1,1,1,1
1,48,3,1,7763,2,3,4,3,2,4,1,42,0,0,1,0,1,0,1,0
2,18,3,5,3049,2,2,1,0,2,1,0,45,2,1,1,2,1,0,1,1
0,12,3,7,1534,2,2,1,2,2,1,2,23,1,2,1,3,1,0,1,0
3,24,2,1,2032,2,3,4,3,2,4,1,60,1,0,2,3,1,1,1,1
1,30,3,5,6350,4,3,4,3,2,4,0,31,1,1,1,3,1,0,1,0
2,18,3,5,2864,2,0,2,3,2,1,2,34,1,1,1,2,2,0,1,0
3,12,1,1,1255,2,3,4,3,2,4,2,61,1,1,2,2,1,0,1,1
1,24,2,1,1333,2,4,4,3,2,2,2,43,1,0,2,3,2,0,1,0
3,24,1,1,2022,2,0,4,0,2,4,3,37,1,1,1,3,1,1,1,1
3,24,3,7,1552,2,1,3,3,2,1,3,32,0,1,1,3,2,0,1,1
1,12,0,7,626,2,0,4,0,2,4,2,24,0,1,1,2,1,0,1,0
3,48,1,2,8858,4,1,2,3,2,1,1,35,1,0,2,3,1,1,1,1
3,12,1,8,996,4,1,4,0,2,4,2,23,1,1,2,3,1,0,1,1
3,6,0,7,1750,1,3,2,3,2,4,0,45,0,1,1,2,2,0,1,1
1,48,3,7,6999,2,1,1,2,1,1,2,34,1,1,2,3,1,1,1,0
0,12,1,1,1995,0,2,4,3,2,1,3,27,1,1,1,3,1,0,1,1
0,9,3,4,1199,2,1,4,0,2,4,0,67,1,1,2,0,1,1,1,1
0,12,3,7,1331,2,2,2,3,2,1,3,22,2,1,1,3,1,0,1,0
0,18,4,1,2278,0,2,3,0,2,3,3,28,1,1,2,3,1,0,1,0
3,21,4,1,5003,4,0,1,0,2,4,0,29,0,1,2,3,1,1,1,0
1,24,0,5,3552,2,1,3,3,2,4,3,27,0,1,1,3,1,0,1,0
0,18,1,5,1928,2,2,2,3,2,2,2,31,1,1,2,2,1,0,1,0
1,24,3,2,2964,4,3,4,3,2,4,1,49,0,0,1,3,2,1,1,1
1,24,0,7,1546,2,1,4,3,1,4,3,24,0,2,1,2,1,0,1,0
2,6,2,7,683,2,2,2,0,2,1,0,29,0,1,1,3,1,0,1,1
0,36,3,1,12389,4,0,1,3,2,4,1,37,1,0,1,3,1,1,1,0
0,24,2,3,4712,4,0,4,3,2,2,0,37,0,1,2,0,1,1,1,1
0,24,2,7,1553,0,1,3,0,2,2,0,23,1,2,2,3,1,1,1,1
1,12,3,1,1372,2,1,2,1,2,3,3,36,1,1,1,3,1,0,1,0
3,24,1,7,2578,3,3,2,3,2,2,3,34,1,1,1,3,1,0,1,1
0,48,3,7,3979,4,1,4,3,2,1,3,41,1,1,2,3,2,1,1,1
1,48,3,7,6758,2,0,3,0,2,2,3,31,1,1,1,3,1,1,1,0
1,24,3,5,3234,2,2,4,0,2,4,2,23,1,2,1,2,1,1,1,0
3,30,1,7,5954,2,1,3,3,0,2,3,38,1,1,1,3,1,0,1,1
3,24,3,2,5433,4,4,2,0,2,4,0,26,1,2,1,0,1,1,1,1
1,15,3,3,806,2,0,4,0,2,4,0,22,1,1,1,2,1,0,1,1
0,9,3,7,1082,2,3,4,3,2,4,3,27,1,1,2,2,1,0,1,1
3,15,1,5,2788,2,1,2,0,0,3,3,24,0,1,2,3,1,0,1,1
0,12,3,7,2930,2,1,2,0,2,1,2,27,1,1,1,3,1,0,1,1
3,24,1,4,1927,4,0,3,0,2,2,3,33,1,1,2,3,1,1,1,1
0,36,1,1,2820,2,2,4,1,2,4,3,27,1,1,2,3,1,0,1,0
3,24,3,9,937,2,2,4,2,2,3,3,27,1,1,2,2,1,0,1,1
0,18,1,1,1056,2,3,3,3,1,3,2,30,0,1,2,3,1,0,1,0
0,12,1,1,3124,2,2,1,3,2,3,2,49,0,1,2,2,2,0,1,1
3,9,3,5,1388,2,0,4,0,2,2,2,26,1,2,1,3,1,0,1,1
0,36,3,8,2384,2,2,4,3,2,1,1,33,1,2,1,2,1,0,1,0
3,12,3,1,2133,4,3,4,0,2,4,1,52,1,0,1,0,1,1,1,1
1,18,3,5,2039,2,0,1,0,2,4,2,20,0,2,1,3,1,0,1,0
1,9,1,1,2799,2,0,2,3,2,2,2,36,1,2,2,3,2,0,1,1
1,12,3,5,1289,2,0,4,3,1,1,0,21,1,1,1,2,1,0,1,1
1,18,3,0,1217,2,0,4,2,2,3,2,47,1,1,1,2,1,1,1,0
1,12,1,5,2246,2,3,3,3,2,3,0,60,1,1,2,3,1,0,1,0
1,12,1,7,385,2,1,4,0,2,3,2,58,1,1,4,2,1,1,1,1
0,24,2,1,1965,4,0,4,0,2,4,3,42,1,2,2,3,1,1,1,1
3,21,3,3,1572,3,3,4,0,2,4,2,36,0,1,1,2,1,0,1,1
0,24,3,1,2718,2,0,3,0,2,4,0,20,1,2,1,2,1,1,1,0
1,24,0,6,1358,4,3,4,3,2,3,3,40,2,1,1,0,1,1,1,0
0,6,0,1,931,0,2,1,0,2,1,0,32,2,1,1,2,1,0,1,0
1,24,3,1,1442,2,1,4,0,2,4,3,23,1,2,2,3,1,0,1,0
0,24,4,3,4241,2,0,1,3,2,4,2,36,1,1,3,2,1,1,1,0
3,18,1,1,2775,2,1,2,3,2,2,0,31,0,1,2,3,1,0,1,0
3,24,2,3,3863,2,0,1,3,2,2,1,32,1,0,1,3,1,0,1,1
0,7,3,7,2329,2,2,1,0,1,1,2,45,1,1,1,3,1,0,1,1
0,9,3,5,918,2,0,4,0,2,1,0,30,1,1,1,3,1,0,1,0
0,24,0,4,1837,2,1,4,0,2,4,1,34,0,0,1,2,1,0,1,0
3,36,3,5,3349,2,0,4,0,2,2,3,28,1,1,1,0,1,1,1,0
2,10,3,5,1275,2,2,4,0,2,2,0,23,1,1,1,3,1,0,1,1
1,24,0,5,2828,1,0,4,3,2,4,2,22,2,1,1,3,1,1,1,1
3,24,1,3,4526,2,0,3,3,2,2,2,74,1,1,1,0,1,1,1,1
0,36,3,7,2671,0,0,4,0,0,4,1,50,1,0,1,3,1,0,1,0
3,18,3,7,2051,2,2,4,3,2,1,2,33,1,1,1,3,1,0,1,1
3,15,3,2,1300,4,3,4,3,2,4,1,45,0,0,1,3,2,0,1,1
1,12,3,0,741,0,4,4,0,2,3,0,22,1,1,1,3,1,0,1,0
2,10,3,1,1240,0,3,1,0,2,4,1,48,1,0,1,2,2,0,1,0
1,21,3,7,3357,3,2,4,0,2,2,3,29,0,1,1,3,1,0,1,1
1,24,0,2,3632,2,0,1,0,1,4,3,22,0,2,1,3,1,0,0,1
3,18,2,5,1808,2,1,4,0,2,1,2,22,1,1,1,3,1,0,1,0
0,48,4,3,12204,4,0,2,3,2,2,3,48,0,1,1,0,1,1,1,1
0,60,2,7,9157,4,0,2,3,2,2,1,27,1,0,1,0,1,0,1,1
1,6,1,1,3676,2,0,1,3,2,3,2,37,1,2,3,3,2,0,1,1
0,30,3,5,3441,0,0,2,0,0,4,3,21,1,2,1,3,1,0,1,0
3,12,3,1,640,2,0,4,1,2,2,2,49,1,1,1,2,1,0,1,1
0,21,1,3,3652,2,1,2,3,2,3,0,27,1,1,2,3,1,0,1,1
3,18,1,1,1530,2,0,3,3,2,2,0,32,0,1,2,3,1,0,1,0
3,48,3,3,3914,4,0,4,1,2,2,2,38,0,1,1,3,1,0,1,0
1,12,3,5,1858,2,2,4,0,2,1,3,22,1,2,1,3,1,0,1,1
1,18,3,7,2600,2,0,4,3,2,4,1,65,1,0,2,3,1,0,1,0
3,15,3,7,1979,4,3,4,3,2,2,3,35,1,1,1,3,1,0,1,1
2,6,3,5,2116,2,0,2,3,2,2,2,41,1,1,1,3,1,1,1,1
0,9,0,1,1437,0,1,2,3,2,3,1,29,1,1,1,3,1,0,1,0
3,42,1,5,4042,1,0,4,3,2,4,2,36,1,1,2,3,1,1,1,1
3,9,3,4,3832,4,3,1,3,2,4,2,64,1,1,1,2,1,0,1,1
1,24,3,7,3660,2,0,2,0,2,4,3,28,1,1,1,3,1,0,1,1
1,18,0,5,1553,2,0,4,3,2,3,3,44,0,1,1,3,1,0,1,0
0,15,3,7,1444,4,2,4,3,2,1,0,23,1,1,1,3,1,0,1,1
3,9,3,5,1980,2,2,2,0,0,2,3,19,1,2,2,3,1,0,1,0
0,24,3,1,1355,2,2,3,0,2,4,3,25,1,1,1,2,1,1,1,0
3,12,3,4,1393,2,3,4,3,2,4,0,47,0,1,3,3,2,1,1,1
3,24,3,7,1376,1,1,4,0,2,1,3,28,1,1,1,3,1,0,1,1
3,60,2,7,15653,2,1,2,3,2,4,3,21,1,1,2,3,1,1,1,1
3,12,3,7,1493,2,2,4,0,2,3,3,34,1,1,1,3,2,0,1,1
1,42,2,7,4370,2,1,3,3,2,2,0,26,0,1,2,3,2,1,1,0
1,18,3,4,750,2,4,4,0,2,1,2,27,1,1,1,1,1,0,1,0
0,15,3,8,1308,2,3,4,3,2,4,3,38,1,1,2,2,1,0,1,1
3,15,3,4,4623,0,0,3,3,2,2,0,40,1,1,1,0,1,1,1,0
3,24,1,7,1851,2,1,4,2,1,2,3,33,1,1,2,3,1,1,1,1
1,18,1,7,1880,2,1,4,2,2,1,0,32,1,1,2,0,1,1,1,1
3,36,2,3,7980,4,2,4,3,2,4,3,27,1,2,2,3,1,1,1,0
1,30,4,5,4583,2,0,2,1,1,2,2,32,1,1,2,3,1,0,1,1
3,12,3,1,1386,1,0,2,0,2,2,0,26,1,1,1,3,1,0,1,0
2,24,3,1,947,2,1,4,3,2,3,1,38,0,0,1,3,2,0,1,0
1,12,3,4,684,2,0,4,3,2,4,3,40,1,2,1,2,2,0,1,0
1,48,3,4,7476,2,1,4,3,2,1,1,50,1,0,1,0,1,1,1,1
0,12,3,5,1922,2,0,4,3,2,2,0,37,1,1,1,2,1,0,1,0
1,24,3,1,2303,2,3,4,3,0,1,2,45,1,1,1,3,1,0,1,0
0,36,2,1,8086,0,3,2,3,2,4,3,42,1,1,4,0,1,1,1,0
3,24,1,2,2346,2,1,4,3,2,3,3,35,1,1,2,3,1,1,1,1
1,14,3,1,3973,2,4,1,3,2,4,1,22,1,0,1,3,1,0,1,1
0,12,3,1,888,2,3,4,3,2,4,3,41,0,1,1,2,2,0,1,0
3,48,3,7,10222,4,1,4,3,2,3,3,37,2,1,1,3,1,1,1,1
0,30,4,3,4221,2,0,2,0,2,1,3,28,1,1,2,3,1,0,1,1
0,18,1,5,6361,2,3,2,3,2,1,1,41,1,1,1,3,1,1,1,1
2,12,3,7,1297,2,0,3,2,2,4,2,23,1,2,1,3,1,0,1,1
1,12,3,1,900,4,0,4,2,2,2,3,23,1,1,1,3,1,0,1,0
3,21,3,5,2241,2,3,4,3,2,2,2,50,1,1,2,3,1,0,1,1
0,6,2,5,1050,2,4,4,3,2,1,0,35,2,1,2,0,1,1,1,1
2,6,1,4,1047,2,0,2,0,2,4,0,50,1,1,1,2,1,0,1,1
3,24,1,6,6314,2,4,4,3,0,2,1,27,0,1,2,0,1,1,1,1
0,30,0,5,3496,3,0,4,3,2,2,3,34,2,1,1,3,2,1,1,1
3,48,0,3,3609,2,0,1,0,2,1,2,27,2,1,1,3,1,0,1,1
1,12,1,1,4843,2,3,3,3,0,4,0,43,1,2,2,3,1,1,1,0
2,30,1,7,3017,2,3,4,3,2,4,0,47,1,1,1,3,1,0,1,1
3,24,1,3,4139,0,0,3,3,2,3,0,27,1,1,2,2,1,1,1,1
3,36,3,3,5742,0,1,2,3,2,2,3,31,1,1,2,3,1,1,1,1
3,60,3,1,10366,2,3,2,3,2,4,0,42,1,1,1,0,1,1,1,1
3,6,1,1,2080,1,0,1,2,2,2,3,24,1,1,1,3,1,0,1,1
3,21,2,3,2580,1,2,4,3,2,2,2,41,0,1,1,2,2,0,1,0
3,30,1,7,4530,2,1,4,0,2,4,3,26,1,2,1,0,1,1,1,1
3,24,1,5,5150,2,3,4,3,2,4,3,33,1,1,1,3,1,1,1,1
0,72,3,7,5595,0,0,2,2,2,2,3,24,1,1,1,3,1,0,1,0
1,24,3,7,2384,2,3,4,3,2,4,2,64,0,2,1,2,1,0,1,1
3,18,3,7,1453,2,2,3,0,2,1,2,26,1,1,1,3,1,0,1,1
3,6,3,4,1538,2,2,1,0,2,2,1,56,1,1,1,3,1,0,1,1
3,12,3,7,2279,4,0,4,3,2,4,1,37,1,0,1,3,1,1,1,1
3,15,2,7,1478,2,0,4,2,2,3,2,33,0,1,2,3,1,0,1,1
3,24,1,7,5103,2,2,3,2,2,3,1,47,1,0,3,3,1,1,1,1
0,36,2,3,9857,0,1,1,3,2,3,0,31,1,1,2,2,2,1,1,1
3,60,3,1,6527,4,0,4,3,2,4,1,34,1,0,1,3,2,1,1,1
2,10,1,7,1347,4,1,4,3,2,2,0,27,1,1,2,3,1,1,1,1
0,36,2,1,2862,0,3,4,3,2,3,1,30,1,0,1,3,1,0,1,1
3,9,3,7,2753,0,3,3,3,0,4,3,35,1,1,1,3,1,1,1,1
1,12,3,1,3651,3,0,1,3,2,3,0,31,1,1,1,3,2,0,1,1
1,15,1,5,975,2,0,2,1,2,3,0,25,1,1,2,3,1,0,1,1
0,15,3,8,2631,0,0,3,0,2,2,2,25,1,1,1,2,1,0,1,1
0,24,3,7,2896,0,2,2,3,2,1,3,29,1,1,1,3,1,0,1,1
1,6,1,1,4716,4,2,1,3,2,3,2,44,1,1,2,2,2,0,1,1
3,24,3,7,2284,2,1,4,3,2,2,3,28,1,1,1,3,1,1,1,1
3,6,3,2,1236,1,0,2,3,2,4,0,50,1,2,1,3,1,0,1,1
0,12,3,7,1103,2,1,4,3,1,3,2,29,1,1,2,3,1,0,0,1
3,12,1,1,926,2,4,1,0,2,2,0,38,1,1,1,1,1,0,1,1
3,18,1,7,1800,2,0,4,3,2,2,3,24,1,1,2,3,1,0,1,1
2,15,3,4,1905,2,3,4,3,2,4,3,40,1,2,1,0,1,1,1,1
3,12,3,5,1123,1,0,4,0,2,4,3,29,1,2,1,2,1,0,1,0
1,48,1,2,6331,2,3,4,3,2,4,1,46,1,0,2,3,1,1,1,0
2,24,3,7,1377,0,3,4,0,2,2,1,47,1,0,1,3,1,1,1,1
0,30,2,3,2503,0,3,4,3,2,2,0,41,2,1,2,3,1,0,1,1
0,27,3,3,2528,2,2,4,0,2,1,0,32,1,1,1,3,2,1,1,1
3,15,3,1,5324,1,3,1,0,2,4,1,35,1,0,1,3,1,0,1,1
0,48,3,1,6560,0,1,3,3,2,2,0,24,1,1,1,3,1,0,1,0
0,12,4,5,2969,2,2,4,0,2,3,0,25,1,2,2,3,1,0,1,0
0,9,3,7,1206,2,3,4,0,2,4,2,25,1,1,1,3,1,0,1,1
0,9,3,7,2118,2,0,2,3,2,2,2,37,1,1,1,2,2,0,1,1
3,18,1,7,629,1,3,4,3,2,3,0,32,0,1,2,0,1,1,1,1
1,6,0,4,1198,2,3,4,0,2,4,1,35,1,0,1,3,1,0,1,0
3,21,3,2,2476,4,3,4,3,2,4,2,46,1,1,1,0,1,1,1,1
1,9,1,7,1138,2,0,4,3,2,4,2,25,1,1,2,2,1,0,1,1
0,60,3,1,14027,2,1,4,3,2,2,1,27,1,1,1,0,1,1,1,0
3,30,1,2,7596,4,3,1,3,2,4,3,63,1,1,2,3,1,0,1,1
3,30,1,7,3077,4,3,3,3,2,2,3,40,1,1,2,3,2,1,1,1
3,18,3,7,1505,2,0,4,3,2,2,1,32,1,0,1,0,1,1,1,1
2,24,1,7,3148,4,0,3,3,2,2,3,31,1,1,2,3,1,1,1,1
0,20,4,2,6148,0,3,3,2,2,4,3,31,0,1,2,3,1,1,1,1
2,9,4,7,1337,2,2,4,3,2,2,3,34,1,1,2,0,1,1,1,0
0,6,0,4,433,3,2,4,0,2,2,0,24,0,2,1,3,2,0,1,0
1,12,3,1,1228,2,0,4,0,2,2,2,24,1,1,1,2,1,0,1,0
0,9,3,7,790,1,0,4,0,2,3,2,66,1,1,1,2,1,0,1,1
3,27,3,1,2570,2,0,3,0,2,3,2,21,1,2,1,3,1,0,1,0
3,6,1,1,250,3,0,2,0,2,2,2,41,0,1,2,2,1,0,1,1
3,15,1,7,1316,1,0,2,2,2,2,0,47,1,1,2,2,1,0,1,1
1,18,3,7,1882,2,0,4,0,2,4,3,25,0,2,2,3,1,0,1,0
0,48,0,3,6416,2,3,4,0,2,3,1,59,1,2,1,3,1,0,1,0
2,24,1,3,1275,3,0,2,1,2,4,2,36,1,1,2,3,1,1,1,1
0,24,2,7,6403,2,2,1,3,2,2,3,33,1,1,1,3,1,0,1,1
1,24,3,7,1987,2,0,2,3,2,4,2,21,1,2,1,2,2,0,1,0
0,8,3,7,760,2,1,4,0,1,2,2,44,1,1,1,2,1,0,1,1
3,24,3,2,2603,3,0,2,0,2,4,3,28,1,2,1,3,1,1,1,1
3,4,1,1,3380,2,1,1,0,2,1,2,37,1,1,1,3,2,0,1,1
0,36,0,0,3990,4,2,3,0,2,2,1,29,0,1,1,1,1,0,1,1
0,24,3,2,11560,2,0,1,0,2,4,3,23,1,2,2,0,1,0,1,0
1,18,3,1,4380,0,0,3,3,2,4,3,35,1,1,1,2,2,1,1,1
3,6,1,1,6761,2,1,1,3,2,3,1,45,1,1,2,0,2,1,1,1
0,30,4,3,4280,0,0,4,0,2,4,3,26,1,2,2,2,1,0,1,0
1,24,0,1,2325,0,1,2,3,2,3,3,32,0,1,1,3,1,0,1,1
0,10,0,7,1048,2,0,4,3,2,4,2,23,2,1,1,2,1,0,1,1
3,21,3,7,3160,4,3,4,3,2,3,0,41,1,1,1,3,1,1,1,1
1,24,0,5,2483,1,0,4,3,2,4,2,22,2,1,1,3,1,1,1,1
1,39,1,5,14179,4,1,4,3,2,4,0,30,1,1,2,0,1,1,1,1
1,13,1,3,1797,2,2,3,3,2,1,0,28,0,1,2,2,1,0,1,1
1,15,3,1,2511,2,4,1,0,2,4,3,23,1,2,1,3,1,0,1,1
1,12,3,1,1274,2,2,3,0,2,1,2,37,1,1,1,2,1,0,1,0
3,21,3,2,5248,4,0,1,3,2,3,3,26,1,1,1,3,1,0,1,1
3,15,3,2,3029,2,1,2,3,2,2,3,33,1,1,1,3,1,0,1,1
1,6,3,5,428,2,3,2,0,2,1,0,49,0,1,1,3,1,1,1,1
1,18,3,1,976,2,2,1,0,2,2,3,23,1,1,1,2,1,0,1,0
0,12,3,3,841,0,1,2,0,2,4,2,23,1,2,1,2,1,0,1,1
3,30,1,7,5771,2,1,4,0,2,2,3,25,1,1,2,3,1,0,1,1
3,12,2,8,1555,3,3,4,3,2,4,1,55,1,0,2,3,2,0,1,0
1,24,3,1,1285,4,1,4,0,2,4,1,32,1,2,1,3,1,0,1,0
2,6,1,1,1299,2,0,1,3,2,1,2,74,1,1,3,1,2,0,0,1
2,15,1,7,1271,4,0,3,3,2,4,1,39,1,0,2,3,1,1,1,0
3,24,3,1,1393,2,0,2,3,1,2,2,31,1,1,1,3,1,1,1,1
1,12,1,1,691,2,3,4,3,2,3,0,35,1,1,2,3,1,0,1,0
3,15,1,1,5045,4,3,1,0,2,4,3,59,1,1,1,3,1,1,1,1
1,18,1,5,2124,2,0,4,0,2,4,2,24,1,2,2,3,1,0,1,0
1,12,3,7,2214,2,0,4,3,2,3,0,24,1,1,1,2,1,0,1,1
3,21,1,1,12680,4,3,4,3,2,4,1,30,1,0,1,0,1,1,1,0
3,24,1,1,2463,0,1,4,2,2,3,0,27,1,1,2,3,1,1,1,1
0,12,3,7,1155,2,3,3,2,1,3,2,40,0,1,2,2,1,0,1,1
1,30,3,5,3108,2,2,2,1,2,4,0,31,1,1,1,2,1,0,1,0
3,10,3,2,2901,4,2,1,0,2,4,2,31,1,2,1,3,1,0,1,1
0,12,1,5,3617,2,3,1,3,2,4,3,28,1,2,3,3,1,1,1,1
3,12,1,7,1655,2,3,2,3,2,4,2,63,1,1,2,2,1,1,1,1
1,24,3,2,2812,4,3,2,0,2,4,2,26,1,2,1,3,1,0,1,1
1,36,1,4,8065,2,0,3,0,2,2,1,25,1,1,2,0,1,1,1,0
3,21,1,2,3275,2,3,1,3,2,4,3,36,1,1,1,0,1,1,1,1
3,24,1,7,2223,0,3,4,3,2,4,0,52,0,1,2,3,1,0,1,1
2,12,1,1,1480,1,4,2,3,2,4,1,66,0,0,3,1,1,0,1,1
1,24,3,1,1371,4,0,4,0,2,4,2,25,1,2,1,3,1,0,1,0
3,36,1,1,3535,2,1,4,3,2,4,3,37,1,1,2,3,1,1,1,1
1,18,3,7,3509,2,1,4,0,1,1,2,25,1,1,1,3,1,0,1,1
3,36,1,2,5711,3,3,4,3,2,2,3,38,1,1,2,0,1,1,1,1
0,18,3,8,3872,2,4,2,0,2,4,3,67,1,1,1,3,1,1,1,1
0,39,1,7,4933,2,1,2,3,1,2,2,25,1,1,2,3,1,0,1,0
3,24,1,1,1940,3,3,4,3,2,4,2,60,1,1,1,3,1,1,1,1
0,12,4,9,1410,2,0,2,3,2,2,2,31,1,1,1,2,1,1,1,1
0,12,3,1,836,0,2,4,0,2,2,0,23,0,1,1,2,1,0,1,0
0,20,3,2,6468,4,4,1,1,2,4,2,60,1,1,1,0,1,1,1,1
0,18,3,3,1941,3,0,4,3,2,2,0,35,1,1,1,2,1,1,1,1
3,22,3,7,2675,1,3,3,3,2,4,3,40,1,1,1,3,1,0,1,1
3,48,1,2,2751,4,3,4,3,2,3,3,38,1,1,2,3,2,1,1,1
0,48,2,4,6224,2,3,4,3,2,4,1,50,1,0,1,3,1,0,1,0
1,40,1,4,5998,2,0,4,3,2,3,1,27,0,1,1,3,1,1,1,0
0,21,3,3,1188,2,3,2,0,2,4,0,39,1,1,1,3,2,0,1,0
3,24,3,2,6313,4,3,3,3,2,4,3,41,1,1,1,0,2,1,1,1
3,6,1,5,1221,4,0,1,2,2,2,0,27,1,1,2,3,1,0,1,1
2,24,3,5,2892,2,3,3,1,2,4,1,51,1,0,1,3,1,0,1,1
3,24,3,5,3062,1,3,4,3,2,3,1,32,1,2,1,3,1,1,1,1
3,9,3,5,2301,0,2,2,0,2,4,0,22,1,2,1,3,1,0,1,1
1,18,3,2,7511,4,3,1,3,2,4,0,51,1,0,1,3,2,1,1,0
3,12,1,5,1258,2,2,2,0,2,4,0,22,1,2,2,2,1,0,1,1
3,24,2,1,717,4,3,4,2,2,4,3,54,1,1,2,3,1,1,1,1
0,9,3,1,1549,4,2,4,3,2,2,2,35,1,1,1,1,1,0,1,1
3,24,1,4,1597,2,3,4,3,2,4,1,54,1,0,2,3,2,0,1,1
0,18,1,7,1795,2,3,3,0,1,4,2,48,0,2,2,2,1,1,1,1
1,20,1,5,4272,2,3,1,0,2,4,0,24,1,1,2,3,1,0,1,1
3,12,1,7,976,4,3,4,3,2,4,3,35,1,1,2,3,1,0,1,1
0,12,3,1,7472,4,4,1,0,2,2,2,24,1,2,1,1,1,0,1,1
1,36,3,1,9271,2,1,2,3,2,1,3,24,1,1,1,3,1,1,1,0
0,6,3,7,590,2,2,3,2,2,3,2,26,1,1,1,2,1,0,0,1
3,12,1,7,930,4,3,4,3,2,4,2,65,1,1,4,3,1,0,1,1
0,42,0,2,9283,2,4,1,3,2,2,1,55,0,0,1,0,1,1,1,1
0,15,4,1,1778,2,2,2,0,2,1,2,26,1,2,2,1,1,0,1,0
0,8,3,3,907,2,2,3,2,2,2,2,26,1,1,1,3,1,1,1,1
0,6,3,7,484,2,1,3,2,1,3,2,28,0,1,1,2,1,0,1,1
1,36,1,2,9629,2,1,4,3,2,4,3,24,1,1,2,3,1,1,1,0
1,48,3,0,3051,2,0,3,3,2,4,3,54,1,1,1,3,1,0,1,0
1,48,3,1,3931,2,1,4,3,2,4,1,46,1,0,1,3,2,0,1,0
0,36,2,1,7432,2,0,2,0,2,2,0,54,1,2,1,3,1,0,1,1
3,6,3,0,1338,1,0,1,1,2,4,2,62,1,1,1,3,1,0,1,1
3,6,1,7,1554,2,1,1,0,2,2,3,24,1,2,2,3,1,1,1,1
1,36,3,6,15857,2,4,2,1,0,3,3,43,1,1,1,0,1,0,1,1
1,18,3,7,1345,2,0,4,2,2,3,2,26,0,1,1,3,1,0,1,0
3,12,3,1,1101,2,0,3,2,2,2,2,27,1,1,2,3,1,1,1,1
2,12,3,7,3016,2,0,3,2,2,1,3,24,1,1,1,3,1,0,1,1
1,36,3,5,2712,2,3,2,3,2,2,0,41,0,1,1,3,2,0,1,0
1,8,1,1,731,2,3,4,3,2,4,2,47,1,1,2,2,1,0,1,1
3,18,1,5,3780,2,2,3,1,2,2,3,35,1,1,2,0,1,1,1,1
1,21,1,1,1602,2,3,4,2,2,3,3,30,1,1,2,3,1,1,1,1
1,18,1,1,3966,2,3,1,0,2,4,2,33,0,2,3,3,1,1,1,0
3,18,4,3,4165,2,0,2,3,2,2,3,36,2,1,2,3,2,0,1,0
1,36,3,2,8335,4,3,3,3,2,4,1,47,1,0,1,3,1,0,1,0
0,48,2,3,6681,4,0,4,3,2,4,1,38,1,0,1,3,2,1,1,1
3,24,2,3,2375,1,0,4,3,2,2,3,44,1,1,2,3,2,1,1,1
1,18,3,1,1216,2,2,4,0,2,3,3,23,1,2,1,3,1,1,1,0
1,45,4,3,11816,2,3,2,3,2,4,3,29,1,2,2,3,1,0,1,0
0,24,3,7,5084,4,3,2,0,2,4,3,42,1,1,1,3,1,1,1,1
2,15,3,7,2327,2,2,2,0,2,3,2,25,1,1,1,2,1,0,1,0
1,12,4,1,1082,2,0,4,3,2,4,3,48,0,1,2,3,1,0,1,0
3,12,3,7,886,4,0,4,0,2,2,3,21,1,1,1,3,1,0,1,1
3,4,3,5,601,2,2,1,0,2,3,2,23,1,2,1,2,2,0,1,1
1,24,1,2,2957,2,3,4,3,2,4,0,63,1,1,2,3,1,1,1,1
3,24,1,7,2611,2,3,4,2,0,3,2,46,1,1,2,3,1,0,1,1
1,36,3,5,5179,2,1,4,3,2,2,0,29,1,1,1,3,1,0,1,0
3,21,2,2,2993,2,0,3,3,2,2,2,28,2,1,2,2,1,0,1,1
3,18,3,8,1943,2,2,4,0,2,4,2,23,1,1,1,3,1,0,1,0
3,24,0,3,1559,2,1,4,3,2,4,3,50,0,1,1,3,1,1,1,1
3,18,3,5,3422,2,3,4,3,2,4,0,47,0,1,3,3,2,1,1,1
0,21,3,5,3976,4,1,2,3,2,3,3,35,1,1,1,3,1,1,1,1
3,18,3,1,6761,4,0,2,3,2,4,3,68,1,2,2,3,1,0,1,0
3,24,3,1,1249,2,2,4,2,2,2,2,28,1,1,1,3,1,0,1,1
1,9,3,7,1364,2,1,3,3,2,4,2,59,1,1,1,3,1,0,1,1
1,12,3,7,709,2,3,4,3,2,4,2,57,2,1,1,2,1,0,1,0
1,20,1,1,2235,2,0,4,2,1,2,0,33,0,2,2,3,1,0,0,0
3,24,1,2,4042,4,1,3,3,2,4,0,43,1,1,2,3,1,1,1,1
3,15,1,7,1471,2,0,4,3,2,4,1,35,1,0,2,3,1,1,1,1
1,18,0,1,1442,2,1,4,3,2,4,1,32,1,0,2,2,2,0,1,0
3,36,2,1,10875,2,3,2,3,2,2,3,45,1,1,2,3,2,1,1,1
3,24,3,1,1474,0,2,4,2,2,3,2,33,1,1,1,3,1,1,1,1
3,10,3,9,894,4,1,4,0,2,3,0,40,1,1,1,3,1,1,1,1
3,15,1,5,3343,2,0,4,3,2,2,1,28,1,0,1,3,1,1,1,1
1,15,3,1,3959,2,0,3,0,2,2,0,29,1,1,1,3,1,1,1,0
3,9,3,1,3577,0,0,1,3,1,2,2,26,1,2,1,3,2,0,0,1
3,24,1,2,5804,3,0,4,3,2,2,2,27,1,1,2,3,1,0,1,1
3,18,2,3,2169,2,0,4,2,2,2,3,28,1,1,1,3,1,1,1,0
1,24,3,7,2439,2,2,4,0,2,4,2,35,1,1,1,3,1,1,1,0
3,27,1,5,4526,3,2,4,3,2,2,2,32,2,1,2,2,2,1,1,1
3,10,3,5,2210,2,0,2,3,2,2,2,25,0,2,1,2,1,0,1,0
3,15,3,5,2221,1,0,2,0,2,4,3,20,1,2,1,3,1,0,1,1
1,18,3,7,2389,2,2,4,0,2,1,3,27,2,1,1,3,1,0,1,1
3,12,1,5,3331,2,3,2,3,2,4,0,42,2,1,1,3,1,0,1,1
3,36,3,3,7409,4,3,3,3,2,2,0,37,1,1,2,3,1,0,1,1
1,12,3,5,652,2,3,4,0,2,4,0,24,1,2,1,3,1,0,1,1
3,36,2,5,7678,1,1,2,0,2,4,3,40,1,1,2,3,1,1,1,1
2,6,1,1,1343,2,3,1,3,2,4,2,46,1,1,2,3,2,0,0,1
1,24,1,3,1382,0,1,4,3,2,1,2,26,1,1,2,3,1,1,1,1
3,15,3,0,874,4,2,4,0,2,1,2,24,1,1,1,3,1,0,1,1
1,12,3,5,3590,2,0,2,3,0,2,0,29,1,1,1,2,2,0,1,1
0,11,1,1,1322,3,0,4,0,2,4,3,40,1,1,2,3,1,0,1,1
1,18,0,7,1940,2,2,3,3,0,4,1,36,0,0,1,0,1,1,1,1
3,36,3,7,3595,2,3,4,3,2,2,3,28,1,1,1,3,1,0,1,1
1,9,3,1,1422,2,2,3,3,2,2,1,27,1,0,1,0,1,1,1,0
3,30,1,7,6742,4,1,2,3,2,3,0,36,1,1,2,3,1,0,1,1
3,24,3,2,7814,2,1,3,3,2,3,3,38,1,1,1,0,1,1,1,1
3,24,3,2,9277,4,0,2,1,2,4,1,48,1,0,1,3,1,1,1,1
0,30,1,1,2181,4,3,4,3,2,4,2,36,1,1,2,3,1,0,1,1
3,18,1,7,1098,2,4,4,0,2,4,3,65,1,1,2,1,1,0,1,1
0,24,3,5,4057,2,1,3,1,2,3,3,43,1,1,1,3,1,1,1,0
1,12,3,4,795,2,2,4,0,2,4,0,53,1,1,1,3,1,0,1,0
0,24,1,3,2825,4,1,4,3,2,3,1,34,1,1,2,3,2,1,1,1
0,48,3,3,15672,2,0,2,3,2,2,3,23,1,1,1,3,1,1,1,0
3,36,1,1,6614,2,3,4,3,2,4,3,34,1,1,2,0,1,1,1,1
3,28,0,2,7824,4,2,3,3,1,4,2,40,0,2,2,3,2,1,1,1
1,27,1,3,2442,2,3,4,3,2,4,3,43,2,1,4,0,2,1,1,1
3,15,1,7,1829,2,3,4,3,2,4,3,46,1,1,2,3,1,1,1,1
1,12,1,1,2171,2,0,4,3,2,4,0,38,0,1,2,2,1,0,0,1
0,36,1,2,5800,2,0,3,3,2,4,3,34,1,1,2,3,1,1,1,1
3,18,1,7,1169,4,0,4,3,2,3,0,29,1,1,2,3,1,1,1,1
3,36,2,2,8947,4,1,3,3,2,2,3,31,2,1,1,0,2,1,1,1
1,21,3,7,2606,2,2,4,0,2,4,0,28,1,2,1,0,1,1,1,1
3,12,1,5,1592,3,1,3,0,2,2,0,35,1,1,1,3,1,0,0,1
3,15,3,5,2186,4,1,1,0,2,4,2,33,0,2,1,2,1,0,1,1
1,18,3,5,4153,2,0,2,3,0,3,3,42,1,1,1,3,1,0,1,0
1,16,1,1,2625,2,3,2,3,1,4,0,43,0,2,1,3,1,1,1,0
3,20,1,1,3485,4,2,2,1,2,4,2,44,1,1,2,3,1,1,1,1
3,36,1,2,10477,4,3,2,3,2,4,1,42,1,0,2,3,1,0,1,1
3,15,3,7,1386,4,0,4,2,2,2,2,40,1,2,1,3,1,1,1,1
3,24,3,7,1278,2,3,4,3,2,1,2,36,1,1,1,0,1,1,1,1
1,12,3,7,1107,2,0,2,3,2,2,2,20,1,2,1,0,2,1,1,1
1,21,3,1,3763,4,1,2,3,0,2,2,24,1,1,1,2,1,0,0,1
0,36,3,4,3711,4,0,2,2,2,2,3,27,1,1,1,3,1,0,1,1
3,15,2,2,3594,2,2,1,0,2,2,0,46,1,1,2,2,1,0,1,1
0,9,3,1,3195,4,0,1,0,2,2,2,33,1,1,1,2,1,0,1,1
3,36,2,7,4454,2,0,4,0,2,4,2,34,1,1,2,3,1,0,1,1
0,24,1,5,4736,2,2,2,0,2,4,3,25,0,1,1,2,1,0,1,0
0,30,3,7,2991,4,3,2,0,2,4,3,25,1,1,1,3,1,0,1,1
3,11,3,3,2142,3,3,1,1,2,2,2,28,1,1,1,3,1,1,1,1
1,24,0,3,3161,2,0,4,3,2,2,0,31,1,2,1,3,1,1,1,0
0,48,4,6,18424,2,0,1,0,2,2,0,32,0,1,1,0,1,1,0,0
3,10,3,2,2848,0,0,1,3,0,2,2,32,1,1,1,3,2,0,1,1
1,6,3,1,14896,2,3,1,3,2,4,1,68,0,1,1,0,1,1,1,0
1,24,3,5,2359,0,4,1,1,2,1,0,33,1,1,1,3,1,0,1,0
1,24,3,5,3345,2,3,4,3,2,2,0,39,1,2,1,0,1,1,1,0
3,18,1,5,1817,2,0,4,0,2,2,1,28,1,1,2,3,1,0,1,1
3,48,2,7,12749,1,1,4,3,2,1,3,37,1,1,1,0,1,1,1,1
1,9,3,7,1366,2,2,3,0,2,4,0,22,1,2,1,3,1,0,1,0
0,12,3,1,2002,2,1,3,3,2,4,0,30,1,2,1,3,2,1,1,1
1,24,0,5,6872,2,2,2,1,2,1,0,55,0,1,1,3,1,1,1,0
1,12,0,1,697,2,2,4,3,2,2,3,46,0,1,2,3,1,1,1,0
1,18,1,5,1049,2,2,4,0,2,4,0,21,1,2,1,3,1,0,1,1
1,48,3,2,10297,2,1,4,3,2,4,1,39,2,0,3,3,2,1,1,0
3,30,3,7,1867,4,3,4,3,2,4,3,58,1,1,1,3,1,1,1,1
1,12,2,1,1344,2,0,4,3,2,2,2,43,1,1,2,2,2,0,1,1
1,24,3,5,1747,2,2,4,3,0,1,0,24,1,1,1,2,1,0,0,1
0,9,3,7,1670,2,2,4,0,2,2,3,22,1,1,1,3,1,1,1,0
3,9,1,1,1224,2,0,3,3,2,1,2,30,1,1,2,3,1,0,1,1
3,12,1,7,522,1,3,4,3,2,4,0,42,1,1,2,3,2,1,1,1
1,12,3,7,1498,2,0,4,0,2,1,3,23,0,1,1,3,1,0,1,1
0,30,2,7,1919,0,2,4,3,2,3,1,30,2,1,2,0,1,0,1,0
2,9,3,7,745,2,0,3,0,2,2,2,28,1,1,1,2,1,0,1,0
0,6,3,7,2063,2,2,4,2,2,3,3,30,1,2,1,0,1,1,1,1
0,60,3,4,6288,2,0,4,3,2,4,1,42,1,0,1,3,1,0,1,0
3,24,1,2,6842,4,0,2,3,2,4,0,46,1,1,2,0,2,1,1,1
3,12,3,1,3527,4,2,2,3,2,3,0,45,1,1,1,0,2,1,1,1
3,10,3,1,1546,2,0,3,3,2,2,2,31,1,1,1,2,2,0,0,1
3,24,3,5,929,4,1,4,3,2,2,3,31,2,1,1,3,1,1,1,1
3,4,1,1,1455,2,1,2,3,2,1,2,42,1,1,3,2,2,0,1,1
1,15,3,5,1845,2,2,4,0,1,1,0,46,1,2,1,3,1,0,1,1
0,48,4,1,8358,1,2,1,0,2,1,3,30,1,1,2,3,1,0,1,1
1,24,0,5,3349,1,2,4,3,2,4,1,30,1,0,1,3,2,1,1,0
3,12,3,1,2859,4,4,4,3,2,4,1,38,1,1,1,0,1,1,1,1
3,18,3,5,1533,2,2,4,2,0,1,0,43,1,1,1,2,2,0,1,0
3,24,3,7,3621,0,3,2,3,2,4,3,31,1,1,2,3,1,0,1,0
0,18,1,3,3590,2,4,3,2,2,3,3,40,1,1,3,1,2,1,1,1
1,36,2,3,2145,2,1,2,3,2,1,3,24,1,1,2,3,1,1,1,0
0,24,3,2,4113,1,2,3,0,2,4,3,28,1,2,1,3,1,0,1,0
3,36,3,5,10974,2,4,4,0,2,2,3,26,1,1,2,0,1,1,1,0
1,12,3,1,1893,2,0,4,0,1,4,0,29,1,1,1,3,1,1,1,1
1,24,1,7,1231,3,3,4,0,2,4,0,57,1,2,2,0,1,1,1,1
2,30,1,7,3656,4,3,4,3,2,4,0,49,2,1,2,2,1,0,1,1
0,9,1,7,1154,2,3,2,3,2,4,2,37,1,1,3,2,1,0,1,1
1,28,3,1,4006,2,0,3,3,2,2,3,45,1,1,1,2,1,0,1,0
0,24,3,5,3069,0,3,4,3,2,4,1,30,1,0,1,3,1,0,1,1
3,6,1,7,1740,2,3,2,2,2,2,2,30,1,2,2,3,1,0,1,1
0,21,2,1,2353,2,0,1,1,2,4,0,47,1,1,2,3,1,0,1,1
3,15,3,1,3556,4,0,3,3,2,2,1,29,1,1,1,3,1,0,1,1
3,24,3,7,2397,1,3,3,3,2,2,3,35,0,1,2,3,1,1,1,0
0,6,3,8,454,2,2,3,2,2,1,0,22,1,1,1,2,1,0,1,1
0,30,3,7,1715,4,0,4,0,2,1,3,26,1,1,1,3,1,0,1,1
0,27,1,7,2520,1,0,4,3,2,2,0,23,1,1,2,2,1,0,1,0
3,15,3,7,3568,2,3,4,0,2,2,3,54,0,2,1,0,1,1,1,1
3,42,3,7,7166,4,1,2,2,2,4,0,29,1,2,1,3,1,1,1,1
1,11,1,1,3939,2,0,1,3,2,2,2,40,1,1,2,2,2,0,1,1
0,15,3,8,1514,0,0,4,3,1,2,2,22,1,1,1,3,1,0,1,1
3,24,3,1,7393,2,0,1,3,2,4,0,43,1,1,1,2,2,0,1,1
1,24,0,1,1193,2,4,1,0,0,4,1,29,1,2,2,1,1,0,1,0
1,60,3,3,7297,2,3,4,3,0,4,1,36,1,2,1,3,1,0,1,0
3,30,1,7,2831,2,0,4,0,2,2,3,33,1,1,1,3,1,1,1,1
2,24,3,7,1258,1,0,3,0,2,3,3,57,1,1,1,2,1,0,1,1
0,6,3,7,753,2,0,2,0,1,3,2,64,1,1,1,3,1,0,1,1
0,18,2,3,2427,4,3,4,3,2,2,0,42,1,1,2,3,1,0,1,1
3,24,2,1,2538,2,3,4,3,2,4,3,47,1,1,2,2,2,0,1,0
0,15,0,1,1264,0,0,2,2,2,2,0,25,1,2,1,3,1,0,1,0
0,30,1,5,8386,2,1,2,3,2,2,0,49,1,1,1,3,1,0,1,0
3,48,3,3,4844,2,4,3,3,2,2,3,33,0,2,1,0,1,1,1,0
2,21,3,1,2923,0,0,1,0,2,1,3,28,0,1,1,0,1,1,1,1
1,36,3,2,8229,2,0,2,3,2,2,0,26,1,1,1,3,2,0,1,0
3,24,1,5,2028,2,1,2,3,2,2,0,30,1,1,2,2,1,0,1,1
1,15,1,5,1433,2,0,4,0,2,3,0,25,1,2,2,3,1,0,1,1
2,42,4,3,6289,2,2,2,1,2,1,0,33,1,1,2,3,1,0,1,1
3,13,3,7,1409,0,4,2,0,2,4,2,64,1,1,1,3,1,0,1,1
1,24,3,2,6579,2,4,4,3,2,2,1,29,1,0,1,0,1,1,1,1
0,24,1,7,1743,2,3,4,3,2,2,0,48,1,1,2,2,1,0,1,1
3,12,1,4,3565,4,2,2,3,2,1,0,37,1,1,2,2,2,0,1,1
3,15,0,7,1569,0,3,4,3,2,4,3,34,0,1,1,2,2,0,1,1
1,18,3,7,1936,4,1,2,2,2,4,3,23,1,2,2,2,1,0,1,1
1,36,3,5,3959,2,4,4,3,2,3,0,30,1,1,1,0,1,1,1,1
3,12,3,1,2390,4,3,4,3,2,3,3,50,1,1,1,3,1,1,1,1
3,12,3,5,1736,2,1,3,0,2,4,2,31,1,1,1,2,1,0,1,1
1,30,3,2,3857,2,0,4,1,2,4,0,40,1,1,1,0,1,1,1,1
3,12,3,7,804,2,3,4,3,2,4,3,38,1,1,1,3,1,0,1,1
1,45,3,7,1845,2,0,4,3,2,4,1,23,1,0,1,3,1,1,1,0
0,45,1,2,4576,0,4,3,3,2,4,3,27,1,1,1,3,1,0,1,1
